timestamp,sequence_id,latitude,longitude,altitude_m,speed_mps,heading_deg,accelerometer_x,accelerometer_y,accelerometer_z,gyroscope_x,gyroscope_y,gyroscope_z
0.0,synthetic_0,13.082704000000001,80.2707,12.0,8.0,0.0,0.19999479170735412,0.0,9.798718775248421,0.0,0.0,0.026179768337938076
0.05,synthetic_0,13.082708004993012,80.27070001075768,12.002498958463534,8.009999739585368,0.07499951171970368,0.1999791673176965,0.0004997916927067833,9.809055712835383,0.0,0.0,0.02617925701600219
0.1,synthetic_0,13.082712014957657,80.27070003229251,12.004991670832341,8.01999791673177,0.14999609378051748,0.19993229659000633,0.0009983341664682815,9.787686736504009,0.0,0.0,0.026177723070167972
0.15000000000000002,synthetic_0,13.082716029871728,80.27070006462313,12.00747190662368,8.029992969244368,0.22498681663799097,0.19985418684772327,0.0014943813247359926,9.820607717101087,0.0,0.0,0.026175166560354988
0.2,synthetic_0,13.082720049712199,80.27070010776724,12.009933466539753,8.039983335416542,0.29996875097654796,0.19974485029536027,0.0019866933079506124,9.813032947409281,0.0,0.0,0.026171587586426587
0.25,synthetic_0,13.08272407445523,80.27070016174166,12.012370197962726,8.049967454273904,0.37493896782391295,0.19960430401651408,0.0024740395925452294,9.803729525147805,0.0,0.0,0.026166986288185985
0.30000000000000004,synthetic_0,13.082728104076175,80.27070022656228,12.014776010333067,8.059943765818193,0.44989453866552326,0.19943256997125403,0.002955202066613396,9.803530506718097,0.0,0.0,0.026161362845370795
0.35000000000000003,synthetic_0,13.08273213854958,80.27070030224408,12.017144890372773,8.06991071127103,0.5248325355589238,0.19922967499269362,0.003428978074554514,9.809688353677787,0.0,0.0,0.02615471747764603
0.4,synthetic_0,13.082736177849203,80.27070038880113,12.019470917115433,8.079866733317463,0.59975003124814,0.1989956507827273,0.0038941834230865053,9.803973396977955,0.0,0.0,0.026147050444595525
0.45,synthetic_0,13.082740221948004,80.27070048624655,12.021748276705562,8.089810276349302,0.6746440992780225,0.19873053390719875,0.0043496553411123025,9.804390911388367,0.0,0.0,0.026138362045711825
0.5,synthetic_0,13.082744270818168,80.27070059459253,12.02397127693021,8.099739786708183,0.7495118141085624,0.1984343657900567,0.00479425538604203,9.81385067820009,0.0,0.0,0.026128652620384385
0.55,synthetic_0,13.0827483244311,80.27070071385027,12.026134361446532,8.109653712928308,0.8243502512291689,0.19810719270695998,0.005226872289306592,9.811797052057738,0.0,0.0,0.02611792254788638
0.6000000000000001,synthetic_0,13.082752382757437,80.27070084403009,12.028232123669751,8.119550505978879,0.8991564872729083,0.19774906577808338,0.005646424733950355,9.806008720643657,0.0,0.0,0.02610617224735984
0.65,synthetic_0,13.082756445767055,80.27070098514127,12.030259320286802,8.129428619506117,0.9739276001306967,0.19736004095998183,0.006051864057360396,9.80579523436814,0.0,0.0,0.026093402177799485
0.7000000000000001,synthetic_0,13.082760513429074,80.2707011371922,12.032210884361884,8.139286510074877,1.0486606690654465,0.1969401790369929,0.006442176872376911,9.808259163226657,0.0,0.0,0.026079612838034553
0.75,synthetic_0,13.082764585711871,80.27070130019024,12.034081938001167,8.149122637409816,1.1233527748261547,0.1964895456117155,0.0068163876002333415,9.800509816054811,0.0,0.0,0.026064804766709297
0.8,synthetic_0,13.082768662583078,80.27070147414176,12.035867804544976,8.158935464636048,1.1980009997619379,0.196008211094707,0.007173560908995228,9.802612497353437,0.0,0.0,0.026048978542262194
0.8500000000000001,synthetic_0,13.082772744009597,80.27070165905216,12.037564020257015,8.168723458519286,1.2726024279360013,0.19549625069348764,0.007512804051402928,9.812132601802064,0.0,0.0,0.026032134782903033
0.9,synthetic_0,13.082776829957611,80.27070185492587,12.039166345481375,8.178485089705397,1.347154145239543,0.1949537444007987,0.007833269096274834,9.805345172068591,0.0,0.0,0.026014274146589043
0.9500000000000001,synthetic_0,13.08278092039258,80.27070206176629,12.04067077523947,8.188218832959366,1.4216532395055856,0.19438077698222145,0.008134155047893738,9.792905738243233,0.0,0.0,0.02599539733099905
1.0,synthetic_0,13.082785015279256,80.27070227957577,12.042073549240396,8.19792316740362,1.4960968006227322,0.19377743796269442,0.008414709848078966,9.801877212803667,0.0,0.0,0.025975505073506377
1.05,synthetic_0,13.0827891145817,80.27070250835574,12.043371161279701,8.207596576755636,1.570481920648843,0.19314382161271126,0.00867423225594017,9.813216216052934,0.0,0.0,0.02595459815114977
1.1,synthetic_0,13.082793218263273,80.27070274810654,12.044560368003072,8.21723754956489,1.6448056939246252,0.1924800269335769,0.008912073600614355,9.804327172279166,0.0,0.0,0.025932677380603106
1.1500000000000001,synthetic_0,13.082797326286656,80.2707029988275,12.045638197013027,8.226844579448993,1.7190652171871363,0.19178615764181117,0.009127639402605211,9.805162671897635,0.0,0.0,0.025909743618143764
1.2000000000000002,synthetic_0,13.082801438613854,80.27070326051691,12.046601954298362,8.236416165329072,1.7932575896831908,0.19106232215310825,0.009320390859672264,9.813068366281712,0.0,0.0,0.025885797759618787
1.25,synthetic_0,13.08280555520621,80.27070353317205,12.047449230967779,8.245950811664304,1.8673799132826723,0.19030863356530148,0.009489846193555862,9.824896103049154,0.0,0.0,0.025860840740410604
1.3,synthetic_0,13.082809676024409,80.27070381678912,12.04817790927086,8.255447028685602,1.9414292925917414,0.189525209640653,0.00963558185417193,9.799518113281316,0.0,0.0,0.025834873535399427
1.35,synthetic_0,13.082813801028486,80.2707041113633,12.048786167891333,8.26490333262837,2.015402835065933,0.1887121727875929,0.009757233578266591,9.82013206813434,0.0,0.0,0.025807897158925605
1.4000000000000001,synthetic_0,13.082817930177841,80.2707044168887,12.049272486499422,8.274318245964361,2.0892976511231516,0.18786965004149891,0.009854497299884604,9.7943498722466,0.0,0.0,0.02577991266475073
1.4500000000000002,synthetic_0,13.08282206343124,80.27070473335839,12.04963564955188,8.28369029763252,2.1631108542565407,0.18699777304476584,0.009927129910375886,9.808399776227404,0.0,0.0,0.025750921146015446
1.5,synthetic_0,13.082826200746835,80.27070506076433,12.049874749330202,8.293018023268838,2.2368395611472387,0.18609667802644836,0.009974949866040545,9.794954704804876,0.0,0.0,0.02572092373519727
1.55,synthetic_0,13.082830342082161,80.27070539909745,12.049989188209468,8.302299965435164,2.310480891777008,0.18516650578083826,0.00999783764189357,9.820164581845042,0.0,0.0,0.025689921604066385
1.6,synthetic_0,13.082834487394157,80.27070574834761,12.049978680152075,8.311534673846921,2.3840319695407346,0.1842074016453843,0.00999573603041505,9.814989229967182,0.0,0.0,0.02565791596363949
1.6500000000000001,synthetic_0,13.082838636639167,80.27070610850357,12.049843251422695,8.320720705599703,2.457489921358796,0.1832195154781857,0.00996865028453919,9.81802716784655,0.0,0.0,0.02562490806413277
1.7000000000000002,synthetic_0,13.082842789772956,80.27070647955303,12.049583240522624,8.32985662539474,2.5308518777892903,0.18220300163447334,0.009916648104524686,9.797794668454445,0.0,0.0,0.0255908991949131
1.75,synthetic_0,13.082846946750715,80.27070686148258,12.049199297343696,8.33894100576315,2.604114973140122,0.1811580189424511,0.00983985946873937,9.813495550254848,0.0,0.0,0.025555890684447677
1.8,synthetic_0,13.082851107527075,80.27070725427772,12.04869238154391,8.347972427288985,2.677276345580945,0.18008473067851583,0.009738476308781953,9.801459866701704,0.0,0.0,0.025519883900252185
1.85,synthetic_0,13.082855272056115,80.27070765792288,12.048063760148764,8.356949478831002,2.7503331372549527,0.1789833045418021,0.009612752029752999,9.80207614688848,0.0,0.0,0.025482880248836742
1.9000000000000001,synthetic_0,13.082859440291369,80.27070807240138,12.047315004384371,8.365870757743165,2.823282494390508,0.17785391262789219,0.009463000876874145,9.811715370793987,0.0,0.0,0.025444881175651843
1.9500000000000002,synthetic_0,13.082863612185843,80.2707084976954,12.046447985750193,8.374734870093791,2.8961215674126253,0.17669673140197517,0.009289597150038692,9.815417181724687,0.0,0.0,0.025405888165031462
2.0,synthetic_0,13.082867787692024,80.27070893378608,12.045464871341284,8.383540430883363,2.968847511054275,0.17551194167127804,0.009092974268256818,9.808694202154053,0.0,0.0,0.025365902740135324
2.0500000000000003,synthetic_0,13.082871966761882,80.27070938065341,12.044368118431668,8.392286064260919,3.0414574844675335,0.17429972855675047,0.008873623686333753,9.800370128989893,0.0,0.0,0.02532492646288867
2.1,synthetic_0,13.08287614934689,80.27070983827629,12.043160468332443,8.400970403739038,3.1139486513345442,0.1730602814642701,0.008632093666488738,9.79839183479117,0.0,0.0,0.02528296093392217
2.15,synthetic_0,13.082880335398032,80.27071030663247,12.041844939539924,8.409592092407346,3.1863181799783216,0.1717937940548886,0.008368987907984977,9.821093170258251,0.0,0.0,0.02524000779250947
2.2,synthetic_0,13.082884524865813,80.27071078569861,12.04042482019098,8.418149783144527,3.2585632434733545,0.17050046421470455,0.008084964038195901,9.812589459107123,0.0,0.0,0.025196068716501485
2.25,synthetic_0,13.08288871770027,80.27071127545025,12.038903659844395,8.426642138828816,3.3306810197560357,0.16918049402386615,0.007780731968879212,9.813847279364284,0.0,0.0,0.025151145422263252
2.3000000000000003,synthetic_0,13.082892913850978,80.27071177586181,12.037285260608837,8.435067832546913,3.402668691734901,0.16783408972504077,0.0074570521217672,9.828484881427128,0.0,0.0,0.025105239664605164
2.35,synthetic_0,13.082897113267073,80.27071228690659,12.035573667639543,8.44342554780132,3.4745234474006663,0.1664614616911564,0.007114733527908443,9.798491370513643,0.0,0.0,0.025058353236714764
2.4000000000000004,synthetic_0,13.082901315897248,80.27071280855671,12.033773159027557,8.451713978716029,3.546242479936075,0.16506282439252118,0.006754631805511506,9.832244577984058,0.0,0.0,0.025010487970087425
2.45,synthetic_0,13.082905521689776,80.27071334078323,12.031888235106726,8.459931830240572,3.617822987825539,0.16363839636341027,0.006377647021345037,9.838159081335398,0.0,0.0,0.024961645734453974
2.5,synthetic_0,13.082909730592515,80.27071388355606,12.029923607205198,8.46807781835237,3.68926217496457,0.16218840016779978,0.005984721441039565,9.822834131202601,0.0,0.0,0.024911828437708394
2.5500000000000003,synthetic_0,13.08291394255292,80.27071443684393,12.02788418586957,8.476150670257352,3.760557250769006,0.16071306236462135,0.005576837173914166,9.814921065315552,0.0,0.0,0.02486103802583184
2.6,synthetic_0,13.082918157518057,80.27071500061453,12.025775068591074,8.484149124588832,3.8317054302840114,0.15921261347241256,0.005155013718214641,9.800011780451095,0.0,0.0,0.024809276482818526
2.6500000000000004,synthetic_0,13.082922375434606,80.27071557483433,12.023601527064494,8.492071931604594,3.902703934292873,0.1576872879332747,0.004720305412898823,9.816594856278202,0.0,0.0,0.02475654583059761
2.7,synthetic_0,13.082926596248885,80.27071615946872,12.021368994011691,8.49991785338216,3.973549989425555,0.1561373240762265,0.004273798802338298,9.802223078508964,0.0,0.0,0.02470284812895268
2.75,synthetic_0,13.082930819906853,80.2707167544819,12.019083049602617,8.507685664012216,4.044240828267037,0.1545629640799362,0.0038166099205233167,9.8064334921021,0.0,0.0,0.02464818547544434
2.8000000000000003,synthetic_0,13.082935046354118,80.270717359837,12.016749407507795,8.515374149790153,4.114773689465417,0.15296445393495617,0.0033498815015590468,9.803745668226101,0.0,0.0,0.024592560005325115
2.85,synthetic_0,13.082939275535958,80.27071797549594,12.014373900617127,8.522982109405712,4.185145817839771,0.1513420434052648,0.002874780123425444,9.80948829956491,0.0,0.0,0.024535973891457036
2.9000000000000004,synthetic_0,13.08294350739733,80.27071860141959,12.0119624664607,8.53050835413068,4.255354464487784,0.14969598598920442,0.00239249329213982,9.819530777154434,0.0,0.0,0.024478429344229197
2.95,synthetic_0,13.08294774188287,80.27071923756758,12.009521132368052,8.537951708004632,4.325396886893124,0.1480265388798685,0.0019042264736102705,9.801094159421334,0.0,0.0,0.024419928611467828
3.0,synthetic_0,13.082951978936924,80.2707198838985,12.007056000402994,8.545311008018666,4.395270349032571,0.14633396292500933,0.001411200080598672,9.796795961663696,0.0,0.0,0.024360473978350117
3.0500000000000003,synthetic_0,13.082956218503544,80.27072054036972,12.004573232111621,8.552585104297133,4.464972121482896,0.14461852258616403,0.0009146464223243675,9.796620434482504,0.0,0.0,0.02430006776731511
3.1,synthetic_0,13.082960460526504,80.27072120693755,12.002079033121664,8.559772860277283,4.534499481527475,0.142880485897372,0.00041580662433290494,9.796967226727821,0.0,0.0,0.02423871233797295
3.1500000000000004,synthetic_0,13.082964704949317,80.2707218835571,11.999579637631642,8.56687315288687,4.603849713262649,0.14112012442335953,-8.407247367149063e-05,9.792338970162035,0.0,0.0,0.024176410087012185
3.2,synthetic_0,13.082968951715237,80.27072257018239,11.997081292828621,8.573884872719619,4.673020107703806,0.13933771321699595,-0.0005837414342758009,9.797520659250607,0.0,0.0,0.02411316344810649
3.25,synthetic_0,13.082973200767281,80.27072326676628,11.994590243273494,8.58080692420857,4.742007962891211,0.13753353077644803,-0.0010819513453010838,9.819582656165144,0.0,0.0,0.024048974891819896
3.3000000000000003,synthetic_0,13.08297745204823,80.2707239732605,11.992112715292837,8.587638225797264,4.810810583995543,0.13570785900151705,-0.0015774569414324865,9.800716880317609,0.0,0.0,0.023983846925509367
3.35,synthetic_0,13.082981705500648,80.27072468961568,11.98965490141633,8.594377710108722,4.879425283423162,0.1338609831497095,-0.0020690197167339977,9.809221076578863,0.0,0.0,0.023917782093228063
3.4000000000000004,synthetic_0,13.082985961066898,80.27072541578126,11.987222944898658,8.601024324112235,4.947849380921097,0.13199319179163282,-0.0025554110202683166,9.794481060339109,0.0,0.0,0.02385078297562529
3.45,synthetic_0,13.082990218689137,80.2707261517056,11.984822924364579,8.607577029287885,5.016080203681742,0.13010477676587584,-0.0030354151270842933,9.808346505799005,0.0,0.0,0.02378285218984505
3.5,synthetic_0,13.082994478309343,80.27072689733595,11.98246083861552,8.614034801788822,5.084115086447256,0.1281960331334453,-0.0035078322768961985,9.789242185514704,0.0,0.0,0.023713992389425148
3.5500000000000003,synthetic_0,13.082998739869327,80.27072765261838,11.980142591635701,8.62039663260123,5.151951371613684,0.1262672591316516,-0.003971481672859602,9.799662441025202,0.0,0.0,0.02364420626419353
3.6,synthetic_0,13.08300300331073,80.27072841749788,11.977873977835257,8.626661527701987,5.219586409334763,0.12431875612749721,-0.0044252044329485245,9.829195389271282,0.0,0.0,0.02357349654016072
3.6500000000000004,synthetic_0,13.083007268575052,80.2707291919183,11.975660667567215,8.63282850821398,5.28701755762543,0.12235082857063873,-0.004867866486556998,9.800820303090232,0.0,0.0,0.023501865979416725
3.7,synthetic_0,13.083011535603653,80.2707299758224,11.973508192954576,8.638896610559051,5.354242182465031,0.12036378394574498,-0.005298361409084934,9.817849763853912,0.0,0.0,0.023429317380021797
3.75,synthetic_0,13.083015804337766,80.27073076915183,11.971421934062883,8.644864886608554,5.421257657900205,0.11835793272448214,-0.0057156131874234375,9.811200541251212,0.0,0.0,0.023355853575895702
3.8000000000000003,synthetic_0,13.083020074718515,80.27073157184707,11.969407105452865,8.6507324038315,5.488061366147466,0.11633358831703688,-0.006118578909427193,9.805120142227752,0.0,0.0,0.02328147743670919
3.85,synthetic_0,13.083024346686917,80.27073238384756,11.96746874314674,8.656498245440257,5.554650697695454,0.11429106702307124,-0.006506251370651674,9.80012893178695,0.0,0.0,0.023206191867770343
3.9000000000000004,synthetic_0,13.083028620183903,80.27073320509163,11.9656116920408,8.662161510533807,5.621023051406872,0.11223068798241087,-0.0068776615918397415,9.819519093984134,0.0,0.0,0.023129999809912705
3.95,synthetic_0,13.083032895150321,80.27073403551648,11.963840593795675,8.667721314238499,5.687175834620094,0.11015277312511174,-0.007231881240865121,9.80487616540597,0.0,0.0,0.023052904239378724
4.0,synthetic_0,13.083037171526957,80.27073487505825,11.962159875234603,8.673176787846318,5.753106463250436,0.10805764712110033,-0.007568024953079283,9.821924244782718,0.0,0.0,0.022974908167704006
4.05,synthetic_0,13.083041449254535,80.27073572365195,11.96057373727869,8.678527078950609,5.818812361891102,0.1059456373295653,-0.00788525254426195,9.799459209700055,0.0,0.0,0.022896014641600876
4.1000000000000005,synthetic_0,13.083045728273742,80.27073658123156,11.959086144446779,8.683771351579274,5.884290963913783,0.10381707374776283,-0.008182771110644109,9.807223389873911,0.0,0.0,0.022816226742836676
4.15,synthetic_0,13.083050008525229,80.27073744772991,11.957700814946227,8.688908786325385,5.949539711568908,0.10167228895939573,-0.008459837010754465,9.811304991267905,0.0,0.0,0.022735547588116634
4.2,synthetic_0,13.083054289949622,80.27073832307882,11.95642121137932,8.693938580475214,6.014556056085575,0.09951161808272602,-0.008715757724135883,9.810381601730281,0.0,0.0,0.02265398032896021
4.25,synthetic_0,13.083058572487547,80.27073920720898,11.95525053208857,8.698859948133657,6.079337457771089,0.09733539871817243,-0.008949893582285835,9.79431198488151,0.0,0.0,0.022571528151577175
4.3,synthetic_0,13.083062856079621,80.27074010005006,11.954191703162527,8.703672120347031,6.143881386110184,0.09514397089560589,-0.00916165936749455,9.80000937267557,0.0,0.0,0.022488194276746448
4.3500000000000005,synthetic_0,13.083067140666484,80.27074100153064,11.953247371122078,8.708374345223218,6.208185319863872,0.0929376770211654,-0.009350525775584494,9.804690197866337,0.0,0.0,0.022403981959686348
4.4,synthetic_0,13.083071426188797,80.27074191157827,11.952419896305525,8.712965888049148,6.272246747167911,0.09071686182377192,-0.00951602073889516,9.798113006906757,0.0,0.0,0.02231889448992927
4.45,synthetic_0,13.08307571258725,80.2707428301194,11.951711346968969,8.717446031405595,6.336063165630945,0.08848187230128701,-0.009657730606206389,9.8134232510888,0.0,0.0,0.022232935191194014
4.5,synthetic_0,13.083079999802592,80.2707437570795,11.951123494116745,8.721814075279276,6.399632082432241,0.08623305766626288,-0.00977530117665097,9.812530191813588,0.0,0.0,0.022146107421255334
4.55,synthetic_0,13.083084287775621,80.27074469238296,11.950657807074839,8.726069337172222,6.462951014419073,0.08397076929140823,-0.009868438585032365,9.787079155458217,0.0,0.0,0.022058414571812096
4.6000000000000005,synthetic_0,13.083088576447208,80.27074563595313,11.950315449818326,8.730211152208417,6.526017488203712,0.08169536065469885,-0.009936910036334646,9.788597459287265,0.0,0.0,0.021969860068353914
4.65,synthetic_0,13.083092865758303,80.27074658771238,11.950097278062056,8.734238873237691,6.588829040260041,0.07940718728409735,-0.009980544387588795,9.793834367231801,0.0,0.0,0.021880447370030004
4.7,synthetic_0,13.08309715564995,80.270747547582,11.950003837121795,8.738151870936827,6.651383217019796,0.0771066067020243,-0.009999232575641009,9.807822595301463,0.0,0.0,0.021790179969513185
4.75,synthetic_0,13.083101446063292,80.27074851548232,11.950035360551231,8.741949533907894,6.713677574968402,0.07479397836954504,-0.00999292788975378,9.826981725300387,0.0,0.0,0.021699061392862762
4.800000000000001,synthetic_0,13.083105736939588,80.27074949133264,11.950191769558208,8.745631268773781,6.775709680740426,0.07246966363011254,-0.009961646088358407,9.80282643549532,0.0,0.0,0.021607095199385196
4.8500000000000005,synthetic_0,13.083110028220219,80.27075047505126,11.950472673201665,8.749196500270905,6.837477111214618,0.07013402565316795,-0.009905465359667132,9.809156505498828,0.0,0.0,0.021514284981498794
4.9,synthetic_0,13.083114319846702,80.27075146655548,11.950877369368783,8.752644671339098,6.898977453608583,0.0677874293774039,-0.009824526126243325,9.796018882950802,0.0,0.0,0.021420634364591046
4.95,synthetic_0,13.083118611760696,80.27075246576165,11.95140484652991,8.755975243208646,6.960208305573014,0.0654302414537078,-0.009719030694018208,9.796181637840762,0.0,0.0,0.02132614700687749
5.0,synthetic_0,13.083122903904023,80.2707534725851,11.952053786266843,8.759187695484469,7.0211672752855465,0.06306283018790992,-0.009589242746631385,9.787077721853105,0.0,0.0,0.021230826599258623
5.050000000000001,synthetic_0,13.083127196218664,80.27075448694022,11.952822566568205,8.762281526227437,7.081851981544174,0.060685565483193926,-0.009435486686359063,9.806366557522757,0.0,0.0,0.0211346768651742
5.1000000000000005,synthetic_0,13.083131488646782,80.27075550874044,11.953709265883614,8.765256252032788,7.142260053860273,0.05829881878234744,-0.009258146823277321,9.816122166828226,0.0,0.0,0.021037701560462918
5.15,synthetic_0,13.083135781130723,80.27075653789821,11.954711667926565,8.768111408105671,7.202389132551206,0.05590296300965747,-0.009057666414687044,9.803082856795708,0.0,0.0,0.02093990447320948
5.2,synthetic_0,13.083140073613038,80.27075757432506,11.955827267213992,8.770846548333754,7.262236868832474,0.053498372512734704,-0.008834546557201532,9.820614530866463,0.0,0.0,0.020841289423599862
5.25,synthetic_0,13.083144366036477,80.27075861793156,11.95705327532867,8.773461245356945,7.321800924909496,0.05108542300396479,-0.00858934493426592,9.808628548527736,0.0,0.0,0.02074186026377295
5.300000000000001,synthetic_0,13.083148658344014,80.2707596686274,11.958386627888805,8.77595509063415,7.381078974068904,0.048664491501746454,-0.008322674422239008,9.806285875124367,0.0,0.0,0.020641620877666356
5.3500000000000005,synthetic_0,13.083152950478846,80.2707607263213,11.959823992207392,8.77832769450712,7.440068700769437,0.04623595627176513,-0.008035201558521552,9.811822538926934,0.0,0.0,0.02054057518086877
5.4,synthetic_0,13.083157242384416,80.27076179092109,11.961361775622201,8.780578686261327,7.498767800732399,0.043800196767698196,-0.007727644875559872,9.811523775697822,0.0,0.0,0.020438727120465072
5.45,synthetic_0,13.083161534004406,80.27076286233368,11.962996134475555,8.78270771418389,7.55717398103166,0.04135759357197344,-0.007400773104888944,9.818128063705478,0.0,0.0,0.020336080674882573
5.5,synthetic_0,13.083165825282759,80.27076394046513,11.964722983721481,8.784714445618524,7.6152849601832315,0.038908528336403236,-0.007055403255703919,9.798630457355598,0.0,0.0,0.020232639853734746
5.550000000000001,synthetic_0,13.083170116163686,80.27076502522058,11.966538007136187,8.78659856701753,7.673098468234379,0.036453383722445665,-0.006692398572762614,9.783769508411629,0.0,0.0,0.020128408697664968
5.6000000000000005,synthetic_0,13.083174406591674,80.27076611650432,11.968436668106383,8.788359783990769,7.730612246852294,0.03399254334143009,-0.006312666378723209,9.807797466986816,0.0,0.0,0.020023391278189973
5.65,synthetic_0,13.083178696511494,80.27076721421975,11.970414220968449,8.789997821351673,7.787824049412313,0.03152639169467619,-0.005917155806310094,9.80053324844678,0.0,0.0,0.019917591697538595
5.7,synthetic_0,13.083182985868218,80.27076831826943,11.972465722870119,8.791512423160237,7.844731641085671,0.02905531411336426,-0.005506855425976376,9.806378227926345,0.0,0.0,0.01981101408849495
5.75,synthetic_0,13.083187274607218,80.27076942855508,11.974586046125037,8.792903352763009,7.901332798926811,0.026579696698334487,-0.005082790774992584,9.82329300022039,0.0,0.0,0.01970366261423301
5.800000000000001,synthetic_0,13.08319156267418,80.2707705449776,11.976769891029312,8.79417039283007,7.957625311960197,0.0240999262597974,-0.004646021794137566,9.795621581949076,0.0,0.0,0.01959554146815451
5.8500000000000005,synthetic_0,13.083195850015118,80.270771667437,11.979011799108006,8.795313345388989,8.013606981266696,0.021616390256777862,-0.004197640178398589,9.814297973366546,0.0,0.0,0.019486654873729914
5.9,synthetic_0,13.083200136576368,80.27077279583257,11.981306166758488,8.796332031855748,8.069275620069472,0.019129476736772233,-0.0037387666483023603,9.816108675444084,0.0,0.0,0.019377007084327158
5.95,synthetic_0,13.083204422304618,80.27077393006272,11.983647259256513,8.797226293062666,8.1246290538194,0.016639574274961433,-0.0032705481486974067,9.811257362389115,0.0,0.0,0.019266602383048448
6.0,synthetic_0,13.083208707146898,80.27077507002512,11.986029225090054,8.797995989283244,8.17966512028001,0.014147071913495068,-0.0027941549819892587,9.81783508159171,0.0,0.0,0.019155445082564282
6.050000000000001,synthetic_0,13.0832129910506,80.27077621561662,11.98844611058503,8.798641000254015,8.234381669611956,0.011652359100828846,-0.0023107778829939136,9.802066377214365,0.0,0.0,0.01904353952494303
6.1000000000000005,synthetic_0,13.083217273963479,80.27077736673333,11.990891874786396,8.799161225193327,8.28877656445699,0.009155825630760006,-0.0018216250427209502,9.79983490295263,0.0,0.0,0.018930890081479967
6.15,synthetic_0,13.083221555833669,80.27077852327058,11.993360404557373,8.799556582817091,8.342847680021443,0.006657861581587099,-0.0013279190885251673,9.81703982798561,0.0,0.0,0.018817501152529614
6.2,synthetic_0,13.083225836609683,80.27077968512293,11.995845529859125,8.799827011351486,8.396592904159242,0.004158857255074366,-0.000830894028174964,9.813853000218577,0.0,0.0,0.0187033771673345
6.25,synthetic_0,13.083230116240427,80.27078085218426,11.998341039172622,8.799972468542599,8.450010137454404,0.0016592031155759912,-0.00033179216547556817,9.820553781421525,0.0,0.0,0.01858852258384669
6.300000000000001,synthetic_0,13.08323439467521,80.27078202434767,12.000840695024218,8.799992931663043,8.503097293303044,-0.00084071027103505,0.000168139004843506,9.808772895778114,0.0,0.0,0.018472941888558747
6.3500000000000005,synthetic_0,13.083238671863743,80.27078320150557,12.003338249576078,8.799888397515495,8.555852297994889,-0.003340492298384845,0.0006676499152155635,9.822885631195705,0.0,0.0,0.018356639596327495
6.4,synthetic_0,13.083242947756153,80.27078438354965,12.005827460242525,8.799658882433205,8.608273090794274,-0.0058397523805986395,0.0011654920485049364,9.803829197397155,0.0,0.0,0.01823962025019582
6.45,synthetic_0,13.08324722230299,80.27078557037093,12.008302105293248,8.799304422277435,8.660357624020646,-0.008338100013389749,0.0016604210586495722,9.796046708438343,0.0,0.0,0.018121888421217813
6.5,synthetic_0,13.08325149545524,80.27078676185972,12.01075599940439,8.798825072431866,8.71210386312855,-0.010835144835024124,0.002151199880878155,9.786279108024836,0.0,0.0,0.018003448708277525
6.550000000000001,synthetic_0,13.083255767164315,80.27078795790571,12.01318300911864,8.798220907793933,8.763509786787102,-0.013330496687302684,0.0026366018237277923,9.795635987099159,0.0,0.0,0.017884305737911055
6.6000000000000005,synthetic_0,13.083260037382084,80.27078915839787,12.015577068175668,8.797492022763135,8.814573386958942,-0.015823765676596935,0.0031154136351337867,9.814835035060874,0.0,0.0,0.017764464164126414
6.65,synthetic_0,13.083264306060858,80.27079036322459,12.01793219267464,8.796638531226273,8.865292668978686,-0.01831456223472472,0.0035864385349280038,9.79200071311968,0.0,0.0,0.017643928668218956
6.7,synthetic_0,13.083268573153417,80.27079157227355,12.02024249603083,8.795660566539663,8.915665651630825,-0.020802497179737145,0.004048499206165983,9.802126357478055,0.0,0.0,0.017522703958591235
6.75,synthetic_0,13.083272838612995,80.27079278543188,12.022502203689031,8.7945582815083,8.96569036722713,-0.02328718177688316,0.004500440737806176,9.827715839578417,0.0,0.0,0.017400794770568162
6.800000000000001,synthetic_0,13.08327710239331,80.27079400258607,12.02470566755693,8.793331848361975,9.015364861683512,-0.025768227799272125,0.004941133511386089,9.81511795942482,0.0,0.0,0.017278205866212704
6.8500000000000005,synthetic_0,13.083281364448556,80.27079522362202,12.026847380122401,8.791981458728372,9.064687194596347,-0.028245247588483124,0.005369476024480117,9.824559845571482,0.0,0.0,0.017154942034137144
6.9,synthetic_0,13.083285624733408,80.27079644842503,12.02892198821941,8.790507323603126,9.113655439318274,-0.03071785411522754,0.005784397643882001,9.796734378125372,0.0,0.0,0.017031008089319066
6.95,synthetic_0,13.08328988320304,80.27079767687987,12.030924306408151,8.78890967331685,9.162267683033463,-0.03318566103976295,0.00618486128163024,9.782050250282836,0.0,0.0,0.01690640887291428
7.0,synthetic_0,13.083294139813122,80.2707989088707,12.032849329935939,8.78718875749915,9.210522026832326,-0.035648282772289264,0.006569865987187891,9.821813809371015,0.0,0.0,0.016781149252062255
7.050000000000001,synthetic_0,13.083298394519826,80.27080014428118,12.034692247246488,8.78534484503962,9.25841658578569,-0.038105334533131696,0.0069384494492976435,9.792480574625598,0.0,0.0,0.01665523411970099
7.1000000000000005,synthetic_0,13.083302647279838,80.2708013829944,12.036448452006294,8.783378224045837,9.305949489018442,-0.04055643241297702,0.007289690401258765,9.807559235392823,0.0,0.0,0.016528668394374946
7.15,synthetic_0,13.083306898050362,80.27080262489297,12.03811355461807,8.781289201798323,9.353118879782587,-0.04300119343280784,0.007622710923614113,9.808820932316529,0.0,0.0,0.016401457020041588
7.2,synthetic_0,13.08331114678912,80.27080386985894,12.039683393192458,8.779078104702556,9.399922915529801,-0.04543923560362373,0.007936678638491531,9.797161035876357,0.0,0.0,0.01627360496587904
7.25,synthetic_0,13.083315393454361,80.2708051177739,12.041154043950575,8.77674527823796,9.446359767983388,-0.047870177986322204,0.008230808790115056,9.822176330652518,0.0,0.0,0.0161451172260918
7.300000000000001,synthetic_0,13.083319638004877,80.27080636851899,12.042521831031427,8.774291086903924,9.492427623209704,-0.0502936407511001,0.00850436620628565,9.82214337529273,0.0,0.0,0.016015998819715604
7.3500000000000005,synthetic_0,13.083323880399986,80.2708076219748,12.043783335679644,8.77171591416285,9.538124681689009,-0.05270924523683718,0.008756667135928826,9.812164441742201,0.0,0.0,0.015886254790422327
7.4,synthetic_0,13.083328120599555,80.27080887802154,12.044935404790582,8.76902016238024,9.583449158385772,-0.05511661401024881,0.00898708095811627,9.806355093401649,0.0,0.0,0.015755890206320955
7.45,synthetic_0,13.083332358564004,80.27081013653894,12.045975158791448,8.766204252761826,9.628399282818378,-0.05751537092484327,0.009195031758289706,9.808564368329353,0.0,0.0,0.015624910159761918
7.5,synthetic_0,13.0833365942543,80.2708113974063,12.046899998838738,8.763268625287756,9.672973299128316,-0.059905141179772414,0.00937999976774739,9.795690919879272,0.0,0.0,0.015493319767137248
7.550000000000001,synthetic_0,13.083340827631973,80.27081266050253,12.047707613313976,8.760213738643849,9.717169466148736,-0.062285551378238324,0.00954152266279515,9.80425936242337,0.0,0.0,0.01536112416867852
7.6000000000000005,synthetic_0,13.083345058659113,80.27081392570612,12.048395983601575,8.757040070149932,9.760986057472484,-0.06465622958602424,0.009679196720314866,9.805600668534597,0.0,0.0,0.015228328528260893
7.65,synthetic_0,13.083349287298377,80.27081519289517,12.04896338913431,8.753748115685246,9.804421361519537,-0.06701680538949262,0.009792677826862,9.798127671488919,0.0,0.0,0.01509493803319606
7.7,synthetic_0,13.083353513512998,80.27081646194742,12.04940841169385,8.750338389610983,9.847473681603848,-0.06936690995345884,0.009881682338770004,9.815142148677365,0.0,0.0,0.014960957894032956
7.75,synthetic_0,13.083357737266784,80.27081773274021,12.04972993895556,8.7468114246899,9.89014133599964,-0.07170617607886953,0.009945987791111761,9.792385186053803,0.0,0.0,0.014826393344355704
7.800000000000001,synthetic_0,13.083361958524119,80.27081900515059,12.04992716726873,8.743167772003096,9.932422658007091,-0.07403423826014333,0.00998543345374605,9.80211581023697,0.0,0.0,0.014691249640573778
7.8500000000000005,synthetic_0,13.083366177249975,80.27082027905521,12.049999603665295,8.739408000863886,9.974315996017436,-0.07635073274233406,0.009999920733059189,9.784121221854424,0.0,0.0,0.014555532061719945
7.9,synthetic_0,13.083370393409911,80.27082155433047,12.049947067091988,8.735532698728862,10.015819713577482,-0.0786552975778676,0.00998941341839772,9.811618185042517,0.0,0.0,0.014419245909245981
7.95,synthetic_0,13.083374606970079,80.2708228308524,12.049769688862881,8.7315424711061,10.056932189453544,-0.0809475726831721,0.009953937772576199,9.814076054741461,0.0,0.0,0.014282396506812567
8.0,synthetic_0,13.083378817897223,80.27082410849675,12.049467912331169,8.727437941460545,10.097651817694757,-0.08322719989491745,0.009893582466233819,9.81286292363188,0.0,0.0,0.01414498920008167
8.05,synthetic_0,13.083383026158689,80.27082538713903,12.04904249178102,8.723219751116607,10.137977007695826,-0.08549382302602382,0.009808498356203996,9.835830866077535,0.0,0.0,0.01400702935650866
8.1,synthetic_0,13.083387231722421,80.27082666665441,12.048494490542254,8.718888559157943,10.177906184259136,-0.08774708792120833,0.009698898108450864,9.816047910537614,0.0,0.0,0.013868522365132196
8.15,synthetic_0,13.08339143455697,80.27082794691789,12.047825278332576,8.714445042324487,10.217437787656312,-0.08998664251242516,0.00956505566651509,9.797230093110597,0.0,0.0,0.013729473636364953
8.200000000000001,synthetic_0,13.083395634631495,80.27082922780417,12.047036527833988,8.7098898949067,10.256570273689121,-0.09221213687384378,0.009407305566797726,9.833285402069942,0.0,0.0,0.013589888601779343
8.25,synthetic_0,13.083399831915766,80.27083050918773,12.046130210511967,8.705223828637102,10.295302113749802,-0.09442322327645414,0.009226042102393403,9.797446820266272,0.0,0.0,0.013449772713897967
8.3,synthetic_0,13.083404026380167,80.27083179094286,12.045108591687814,8.700447572579055,10.333631794880779,-0.09661955624254759,0.009021718337562932,9.81453738569049,0.0,0.0,0.013309131445980449
8.35,synthetic_0,13.083408217995693,80.27083307294365,12.043974224876543,8.695561873012847,10.371557819833754,-0.09880079259955821,0.00879484497530865,9.814081276247814,0.0,0.0,0.013167970291808329
8.4,synthetic_0,13.083412406733965,80.27083435506395,12.042729945404414,8.690567493319099,10.409078707128204,-0.10096659153372656,0.008545989080882804,9.797852769812351,0.0,0.0,0.013026294765470792
8.450000000000001,synthetic_0,13.083416592567218,80.27083563717754,12.0413788633221,8.685465213859475,10.446192991109237,-0.10311661464337263,0.00827577266441983,9.820603486289846,0.0,0.0,0.01288411040114984
8.5,synthetic_0,13.083420775468314,80.27083691915793,12.039924355631175,8.680255831854762,10.482899222004853,-0.10525052599177798,0.007984871126234902,9.810195937187467,0.0,0.0,0.012741422752905462
8.55,synthetic_0,13.083424955410738,80.27083820087857,12.038370057843375,8.674940161260297,10.51919596598258,-0.10736799215964155,0.007674011568674873,9.812359545906528,0.0,0.0,0.012598237394454703
8.6,synthetic_0,13.083429132368604,80.27083948221274,12.036719854893706,8.669519032638798,10.555081805205468,-0.10946868229714468,0.007343970978741133,9.799892670037398,0.0,0.0,0.012454559918957386
8.65,synthetic_0,13.083433306316651,80.2708407630336,12.034977871430133,8.663993293030583,10.590555337887487,-0.11155226817576747,0.00699557428602668,9.81967633372414,0.0,0.0,0.012310395938797403
8.700000000000001,synthetic_0,13.083437477230254,80.27084204321422,12.033148461504108,8.658363805821221,10.625615178348276,-0.11361842423944779,0.00662969230082182,9.798040620373186,0.0,0.0,0.012165751085360943
8.75,synthetic_0,13.083441645085411,80.27084332262757,12.03123619768771,8.652631450606638,10.660259957067275,-0.11566682765549174,0.006247239537541924,9.78885840666268,0.0,0.0,0.012020631008820282
8.8,synthetic_0,13.083445809858764,80.27084460114655,12.029245859644588,8.646797123055672,10.694488320737225,-0.11769715836503991,0.005849171928917617,9.82090126979822,0.0,0.0,0.011875041377909235
8.85,synthetic_0,13.08344997152758,80.27084587864398,12.027182422183305,8.640861734770134,10.728298932317017,-0.11970909913303629,0.005436484436660885,9.802382712130603,0.0,0.0,0.011728987879703612
8.9,synthetic_0,13.083454130069766,80.27084715499265,12.025051042822895,8.634826213142368,10.761690471083936,-0.12170233559784194,0.005010208564578847,9.80708370087085,0.0,0.0,0.011582476219400839
8.950000000000001,synthetic_0,13.083458285463864,80.27084843006531,12.022857048901757,8.62869150121035,10.794661632685248,-0.12367655632031571,0.004571409780351542,9.825877569536626,0.0,0.0,0.011435512120093194
9.0,synthetic_0,13.083462437689056,80.27084970373467,12.020605924262087,8.622458557510337,10.827211129189141,-0.12563145283248645,0.004121184852417566,9.8180149134818,0.0,0.0,0.01128810132254826
9.05,synthetic_0,13.083466586725159,80.27085097587344,12.01830329554312,8.616128355927101,10.859337689135053,-0.1275667196857455,0.0036606591086241103,9.81297709115931,0.0,0.0,0.011140249584980222
9.1,synthetic_0,13.083470732552632,80.27085224635434,12.015954918117467,8.609701885541762,10.891040057583314,-0.1294820544985953,0.0031909836234935212,9.817349138289153,0.0,0.0,0.010991962682829204
9.15,synthetic_0,13.083474875152568,80.27085351505009,12.013566661705681,8.603180150477241,10.922316996164195,-0.13137715800386474,0.0027133323411363277,9.799374913095141,0.0,0.0,0.010843246408534235
9.200000000000001,synthetic_0,13.083479014506706,80.27085478183345,12.011144495705013,8.596564169741375,10.953167283126254,-0.1332517340954631,0.002228899141002459,9.81418088589241,0.0,0.0,0.010694106571303985
9.25,synthetic_0,13.083483150597418,80.27085604657721,12.008694474269022,8.589854977067695,10.98358971338408,-0.13510548987470727,0.0017388948538043356,9.817749371147068,0.0,0.0,0.010544548996896663
9.3,synthetic_0,13.083487283407724,80.27085730915424,12.006222721175353,8.583053620753905,11.013583098565363,-0.1369381356960453,0.001244544235070617,9.814204222556786,0.0,0.0,0.010394579527384928
9.35,synthetic_0,13.083491412921278,80.27085856943745,12.003735414519477,8.57616116349809,11.043146267057303,-0.13874938521230007,0.0007470829038953478,9.804608653711151,0.0,0.0,0.010244204020931902
9.4,synthetic_0,13.083495539122374,80.27085982729984,12.001238771272668,8.569178682232675,11.072278064052396,-0.14053895541938033,0.00024775425453357763,9.76917586141869,0.0,0.0,0.010093428351562461
9.450000000000001,synthetic_0,13.083499661995951,80.27086108261453,11.998739031742817,8.562107267956153,11.100977351593524,-0.14230656670056518,-0.00025219365143660497,9.812223025112294,0.0,0.0,0.009942258408930094
9.5,synthetic_0,13.08350378152758,80.2708623352547,11.996242443976909,8.554948025562618,11.129243008618412,-0.14405194287027356,-0.000751511204618093,9.807798764443111,0.0,0.0,0.009790700098093186
9.55,synthetic_0,13.083507897703477,80.2708635850937,11.993755248144163,8.547702073669125,11.157073931003431,-0.145774811216981,-0.0012489503711675231,9.80295446388868,0.0,0.0,0.009638759339280212
9.600000000000001,synthetic_0,13.08351201051049,80.27086483200495,11.991283660938851,8.54037054444092,11.184469031606717,-0.1474749025459765,-0.001743267812229814,9.814430986256335,0.0,0.0,0.009486442067655199
9.65,synthetic_0,13.08351611993611,80.27086607586209,11.988833860041812,8.532954583414528,11.21142724031063,-0.1491519512215156,-0.002233227991637839,9.809307029799452,0.0,0.0,0.00933375423309235
9.700000000000001,synthetic_0,13.083520225968465,80.27086731653884,11.986411968679453,8.525455349318769,11.237947504063573,-0.15080569520812048,-0.002717606264109442,9.808689557414974,0.0,0.0,0.009180701799942348
9.75,synthetic_0,13.083524328596313,80.27086855390917,11.984024040318886,8.517874013893715,11.264028786921116,-0.15243587611164955,-0.0031951919362227365,9.791814090250442,0.0,0.0,0.009027290746796146
9.8,synthetic_0,13.083528427809053,80.27086978784716,11.981676043537403,8.510211761707604,11.289670070086466,-0.15404223921969162,-0.0036647912925192837,9.792056774461868,0.0,0.0,0.008873527066252662
9.850000000000001,synthetic_0,13.083532523596713,80.27087101822713,11.979373847104146,8.502469789971746,11.314870351950255,-0.15562453354124983,-0.0041252305791709435,9.810355360273126,0.0,0.0,0.008719416764686183
9.9,synthetic_0,13.083536615949956,80.2708722449236,11.977123205311234,8.494649308353479,11.339628648129679,-0.1571825118460346,-0.0045753589377532135,9.807410571127674,0.0,0.0,0.008564965862010998
9.950000000000001,synthetic_0,13.083540704860077,80.27087346781127,11.97492974359104,8.486751538787143,11.363943991506941,-0.15871593070313494,-0.005014051281791989,9.808037408926852,0.0,0.0,0.00841018039144631
10.0,synthetic_0,13.083544790318996,80.27087468676514,11.972798944455532,8.478777715283165,11.387815432267034,-0.16022455051897921,-0.005440211108893698,9.808312629271013,0.0,0.0,0.008255066399279753
10.05,synthetic_0,13.083548872319264,80.27087590166039,11.970736133792848,8.470729083735245,11.411242037934839,-0.16170813557479846,-0.005852773241430364,9.810764564173892,0.0,0.0,0.008099629944631204
10.100000000000001,synthetic_0,13.08355295085406,80.2708771123725,11.968746467555356,8.462606901725685,11.43422289341155,-0.16316645406339703,-0.006250706488928835,9.80701065663749,0.0,0.0,0.007943877099217678
10.15,synthetic_0,13.083557025917182,80.27087831877719,11.96683491887245,8.454412438328905,11.45675710101042,-0.16459927812551456,-0.00663301622550998,9.808227708596586,0.0,0.0,0.007787813947115474
10.200000000000001,synthetic_0,13.083561097503058,80.27087952075048,11.965006265620323,8.446146973913134,11.478843780491832,-0.1660063838853354,-0.006998746875935436,9.80921114354861,0.0,0.0,0.007631446584520918
10.25,synthetic_0,13.08356516560673,80.27088071816864,11.96326507847976,8.437811799940372,11.500482069097677,-0.1673875514853762,-0.007346984304047954,9.815944095438576,0.0,0.0,0.007474781119514717
10.3,synthetic_0,13.083569230223862,80.2708819109083,11.96161570951182,8.429408218764596,11.52167112158506,-0.1687425651210539,-0.007676858097635825,9.801503111844562,0.0,0.0,0.007317823671821599
10.350000000000001,synthetic_0,13.083573291350731,80.27088309884635,11.96006228127995,8.420937543428266,11.542410110259308,-0.170071213074241,-0.007987543744010015,9.814513962209205,0.0,0.0,0.007160580372571335
10.4,synthetic_0,13.083577348984235,80.27088428186003,11.958608676545717,8.412401097457172,11.562698225006315,-0.1713732877463947,-0.008278264690856537,9.813013833640259,0.0,0.0,0.007003057364061427
10.450000000000001,synthetic_0,13.083581403121876,80.27088545982693,11.957258528563935,8.403800214653627,11.582534673324181,-0.17264858569101094,-0.008548294287212838,9.807704020063216,0.0,0.0,0.006845260799513697
10.5,synthetic_0,13.083585453761769,80.27088663262495,11.956015212001416,8.395136238888071,11.601918680354164,-0.17389690764535004,-0.008796957599716701,9.801898882200573,0.0,0.0,0.006687196842836141
10.55,synthetic_0,13.083589500902635,80.27088780013237,11.954881834502059,8.386410523889092,11.620849488910952,-0.17511805856164742,-0.009023633099588237,9.810341399268284,0.0,0.0,0.006528871668382008
10.600000000000001,synthetic_0,13.083593544543797,80.27088896222784,11.95386122891936,8.377624433031906,11.639326359512246,-0.176311847637578,-0.009227754216128073,9.815289730159586,0.0,0.0,0.006370291460708333
10.65,synthetic_0,13.083597584685185,80.27089011879039,11.952955946235754,8.368779339125334,11.657348570407635,-0.17747808834604584,-0.009408810752849078,9.79590022448474,0.0,0.0,0.006211462414335567
10.700000000000001,synthetic_0,13.08360162132732,80.27089126969943,11.95216824918649,8.359876624197302,11.674915417606803,-0.17861659846428068,-0.009566350162701884,9.80727145630476,0.0,0.0,0.006052390733501389
10.75,synthetic_0,13.083605654471326,80.27089241483479,11.951500106603966,8.350917679278906,11.692026214907006,-0.1797272001023842,-0.009699978679206786,9.80729744094896,0.0,0.0,0.005893082631923396
10.8,synthetic_0,13.08360968411891,80.2708935540767,11.950953188496676,8.341903904187063,11.708680293919908,-0.1808097197311298,-0.009809362300664915,9.800037983458813,0.0,0.0,0.005733544332555407
10.850000000000001,synthetic_0,13.08361371027238,80.27089468730578,11.950528861875057,8.332836707305793,11.724877004097664,-0.18186398820901672,-0.009894227624988513,9.800457121462337,0.0,0.0,0.005573782067340161
10.9,synthetic_0,13.083617732934618,80.27089581440313,11.95022818733468,8.323717505366162,11.740615712758338,-0.18288984080875537,-0.009954362533063775,9.791138529660643,0.0,0.0,0.0054138020769720074
10.950000000000001,synthetic_0,13.083621752109101,80.27089693525029,11.95005191640531,8.314547723224917,11.75589580511063,-0.18388711724295348,-0.00998961671893817,9.795618725749176,0.0,0.0,0.005253610610648496
11.0,synthetic_0,13.083625767799875,80.27089804972923,11.950000489672465,8.305328793641866,11.770716684277868,-0.18485566168921608,-0.009999902065507035,9.791275234102393,0.0,0.0,0.005093213925828344
11.05,synthetic_0,13.08362978001157,80.27089915772238,11.950074035676197,8.296062157055996,11.785077771321351,-0.18579532281442823,-0.009985192864760455,9.800484278105472,0.0,0.0,0.004932618287987467
11.100000000000001,synthetic_0,13.083633788749385,80.27090025911266,11.9502723705898,8.286749261360423,11.79897850526294,-0.18670595379841615,-0.009945525882039891,9.801050136949245,0.0,0.0,0.004771829970371122
11.15,synthetic_0,13.083637794019086,80.27090135378346,11.95059499867928,8.277391561676154,11.812418343106982,-0.18758741235700427,-0.009881000264143982,9.801237147686534,0.0,0.0,0.0046108552537538205
11.200000000000001,synthetic_0,13.083641795827011,80.27090244161866,11.951041113542434,8.267990520124723,11.825396759861523,-0.1884395607640421,-0.00979177729151317,9.810368430276974,0.0,0.0,0.004449700426189529
11.25,synthetic_0,13.083645794180056,80.27090352250265,11.951609600124437,8.25854760559975,11.837913248558804,-0.18926226587309358,-0.009678079975112615,9.80477433335401,0.0,0.0,0.004288371782767975
11.3,synthetic_0,13.083649789085673,80.2709045963203,11.952299037504895,8.249064293537414,11.849967320275082,-0.19005539913816705,-0.00954019249902089,9.799360872635805,0.0,0.0,0.004126875625369286
11.350000000000001,synthetic_0,13.083653780551868,80.27090566295708,11.953107702449412,8.239542065685933,11.861558504149711,-0.19081883663378818,-0.00937845951011782,9.799431169478998,0.0,0.0,0.003965218262415582
11.4,synthetic_0,13.083657768587205,80.27090672229886,11.954033573716766,8.229982409874035,11.872686347403544,-0.19155245907439777,-0.009193285256646757,9.79533489758494,0.0,0.0,0.0038034060086281074
11.450000000000001,synthetic_0,13.083661753200783,80.27090777423217,11.955074337110977,8.220386819778494,11.88335041535662,-0.19225615183298572,-0.00898513257780448,9.804688319019405,0.0,0.0,0.003641445184777159
11.5,synthetic_0,13.083665734402253,80.27090881864402,11.956227391265578,8.210756794690736,11.89355029144514,-0.19292980495901446,-0.008754521746884285,9.804509453221728,0.0,0.0,0.003479342117436446
11.55,synthetic_0,13.083669712201795,80.27090985542196,11.957489854145681,8.201093839282592,11.903285577237742,-0.19357331319550752,-0.008502029170863663,9.822879581277551,0.0,0.0,0.0033171031387368988
11.600000000000001,synthetic_0,13.08367368661013,80.27091088445417,11.958858570251564,8.191399463371186,11.912555892451062,-0.1941865759956407,-0.008228285949687079,9.821991516356434,0.0,0.0,0.0031547345861177023
11.65,synthetic_0,13.083677657638505,80.27091190562933,11.960330118505777,8.181675181683028,11.921360874964591,-0.19476949753835626,-0.00793397629884477,9.821429019986367,0.0,0.0,0.0029922428020798253
11.700000000000001,synthetic_0,13.083681625298693,80.27091291883676,11.961900820804049,8.17192251361735,11.92970018083482,-0.19532198674333756,-0.007619835839190321,9.827442424013167,0.0,0.0,0.0028296341339381637
11.75,synthetic_0,13.08368558960299,80.27091392396629,11.963566751208642,8.162142983008694,11.937573484308672,-0.19584395728529103,-0.007286649758271701,9.79447931817875,0.0,0.0,0.002666914933572573
11.8,synthetic_0,13.0836895505642,80.27091492090844,11.965323745761143,8.15233811788882,11.944980477836232,-0.19633532760733985,-0.006935250847771224,9.813379842365862,0.0,0.0,0.0025040915571816758
11.850000000000001,synthetic_0,13.08369350819565,80.27091590955428,11.9671674128902,8.14250945024796,11.951920872082757,-0.19679602093386706,-0.00656651742196014,9.814260530704985,0.0,0.0,0.0023411703650327853
11.9,synthetic_0,13.083697462511166,80.27091688979546,11.969093144388149,8.132658515795434,11.95839439593998,-0.19722596528254144,-0.006181371122370333,9.811412159126192,0.0,0.0,0.0021781577212143244
11.950000000000001,synthetic_0,13.083701413525082,80.27091786152432,11.971096126929147,8.122786853719706,11.9644007965367,-0.19762509347540202,-0.0057807746141704365,9.827916711634758,0.0,0.0,0.0020150599933868585
12.0,synthetic_0,13.083705361252226,80.27091882463378,11.973171354099978,8.112896006447894,11.969939839248653,-0.19799334314946293,-0.00536572918000435,9.83202875242864,0.0,0.0,0.0018518835525346833
12.05,synthetic_0,13.083709305707922,80.2709197790174,11.97531363891347,8.10298751940476,11.975011307707693,-0.19833065676646555,-0.004937272217305975,9.816443666281582,0.0,0.0,0.0016886347727165796
12.100000000000001,synthetic_0,13.083713246907978,80.2709207245694,11.97751762677327,8.093062940771247,11.979615003810222,-0.1986369816218314,-0.004496474645345998,9.813181462003019,0.0,0.0,0.0015253200308171233
12.15,synthetic_0,13.083717184868693,80.27092166118462,11.979777808857543,8.083123821242577,11.983750747724951,-0.1989122698529755,-0.004044438228491401,9.795426019080928,0.0,0.0,0.0013619457062982732
12.200000000000001,synthetic_0,13.083721119606837,80.27092258875855,11.982088535888158,8.07317171378595,11.987418377899907,-0.19915647844664264,-0.0035822928223682706,9.795446412372291,0.0,0.0,0.001198518180947905
12.25,synthetic_0,13.083725051139659,80.27092350718739,11.984444032250943,8.063208173397912,11.990617751068752,-0.19936956924572868,-0.0031111935498112733,9.813652230449724,0.0,0.0,0.0010350438386338978
12.3,synthetic_0,13.083728979484874,80.27092441636795,11.98683841043171,8.053234756861377,11.993348742256382,-0.19955150895523133,-0.0026323179136580094,9.805893673112816,0.0,0.0,0.0008715290650521124
12.350000000000001,synthetic_0,13.083732904660664,80.27092531619775,11.989265685731974,8.04325302250239,11.995611244783799,-0.19970226914743705,-0.0021468628536052696,9.79334439322846,0.0,0.0,0.0007079802474763142
12.4,synthetic_0,13.083736826685666,80.27092620657498,11.991719791227585,8.033264529946633,11.997405170272284,-0.19982182626641531,-0.001656041754483094,9.805409757783794,0.0,0.0,0.0005444037745122587
12.450000000000001,synthetic_0,13.083740745578972,80.2709270873985,11.994194592932876,8.023270839875748,11.998730448646853,-0.1999101616315535,-0.001161081413424567,9.810250078141411,0.0,0.0,0.00038080603584511596
12.5,synthetic_0,13.083744661360123,80.2709279585679,11.99668390513244,8.013273513783478,11.999587028138986,-0.19996726144063004,-0.0006632189735120068,9.816009269134517,0.0,0.0,0.00021719342199022496
12.55,synthetic_0,13.083748574049103,80.27092881998342,11.999181505842182,8.003274113731685,11.999974875288657,-0.19999311677197262,-0.00016369883156341366,9.80557320587574,0.0,0.0,5.357232404523682e-05
12.600000000000001,synthetic_0,13.083752483666332,80.27092967154607,12.001681152361057,7.993274202106281,11.999893974945637,-0.19998772358570172,0.0003362304722113847,9.803957827647865,0.0,0.0,-0.00011005086656162844
12.65,synthetic_0,13.083756390232669,80.27093051315748,12.004176596874556,7.983275341373115,11.999344330270084,-0.1999510827244766,0.0008353193749110818,9.806712078181125,0.0,0.0,-0.0002736697583205494
12.700000000000001,synthetic_0,13.083760293769393,80.27093134472008,12.006661602070997,7.973279093833833,11.998325962732423,-0.19988319991337988,0.0013323204141994396,9.808379833973925,0.0,0.0,-0.0004372779598896259
12.75,synthetic_0,13.083764194298208,80.27093216613699,12.009129956731556,7.963287021381777,11.996838912112507,-0.19978408575896722,0.00182599134631134,9.795018667802678,0.0,0.0,-0.0006008690803441241
12.8,synthetic_0,13.083768091841236,80.27093297731201,12.011575491255076,7.953300685257936,11.994883236498062,-0.19965375574762412,0.0023150982510153897,9.81498308412947,0.0,0.0,-0.000764436729425999
12.850000000000001,synthetic_0,13.08377198642101,80.27093377814977,12.013992093078858,7.943321645807014,11.992459012282417,-0.19949223024311458,0.002798418615771762,9.828553262723966,0.0,0.0,-0.0009279745177956378
12.9,synthetic_0,13.083775878060464,80.27093456855555,12.016373721956885,7.933351462233625,11.989566334161523,-0.199299534483508,0.0032747443913769304,9.814792003994377,0.0,0.0,-0.0010914760572791615
12.950000000000001,synthetic_0,13.083779766782941,80.27093534843539,12.018714425057288,7.923391692358663,11.98620531513025,-0.19907569857711138,0.003742885011457584,9.792168023626441,0.0,0.0,-0.0012549349611173932
13.0,synthetic_0,13.083783652612173,80.2709361176961,12.021008351841331,7.913443892375914,11.982376086477979,-0.19882075749782402,0.004201670368266409,9.807595085154558,0.0,0.0,-0.0014183448442184332
13.05,synthetic_0,13.083787535572279,80.27093687624522,12.02324976868671,7.903509616608881,11.978078797783464,-0.1985347510796931,0.0046499537373422125,9.78899371836514,0.0,0.0,-0.0015816993234041288
13.100000000000001,synthetic_0,13.083791415687768,80.27093762399105,12.025433073218618,7.893590417267944,11.973313616909003,-0.19821772401061644,0.005086614643723753,9.78835788134663,0.0,0.0,-0.001744992017661262
13.15,synthetic_0,13.083795292983526,80.27093836084264,12.027552808312768,7.883687844207819,11.968080729993863,-0.1978697258254325,0.0055105616625536645,9.813242513054304,0.0,0.0,-0.0019082165483899627
13.200000000000001,synthetic_0,13.083799167484806,80.27093908670982,12.02960367573536,7.873803444685401,11.962380341447027,-0.1974908108981488,0.005920735147072245,9.80742649083507,0.0,0.0,-0.0020713665396521197
13.25,synthetic_0,13.083803039217232,80.27093980150319,12.031580549385913,7.863938763118004,11.956212673939195,-0.1970810384334687,0.006316109877182387,9.799778898077552,0.0,0.0,-0.0022344356184222924
13.3,synthetic_0,13.083806908206789,80.27094050513408,12.03347848810983,7.854095340842054,11.949577968394097,-0.19664047245748328,0.006695697621966023,9.785775529191287,0.0,0.0,-0.0023974174148350125
13.350000000000001,synthetic_0,13.083810774479819,80.27094119751463,12.035292748048734,7.844274715872256,11.942476483979075,-0.19616918180774157,0.007058549609746658,9.793960679643021,0.0,0.0,-0.0025603055624348614
13.4,synthetic_0,13.083814638063007,80.27094187855776,12.037018794497623,7.83447842266128,11.93490849809496,-0.19566724012245906,0.007403758899524486,9.80827196095523,0.0,0.0,-0.002723093698424328
13.450000000000001,synthetic_0,13.08381849898339,80.27094254817716,12.038652313239282,7.82470799186001,11.926874306365235,-0.1951347258289715,0.007730462647856614,9.806968937309675,0.0,0.0,-0.002885775463912499
13.5,synthetic_0,13.08382235726834,80.2709432062873,12.040189221327582,7.814964950078383,11.918374222624498,-0.19457172213158458,0.00803784426551621,9.813547000916003,0.0,0.0,-0.003048344504163747
13.55,synthetic_0,13.083826212945558,80.27094385280343,12.041625677292702,7.805250819646852,11.909408578906188,-0.19397831699848211,0.008325135458540397,9.821883949195362,0.0,0.0,-0.003210794468845035
13.600000000000001,synthetic_0,13.083830066043078,80.27094448764163,12.042958090742825,7.795567118378535,11.899977725429622,-0.19335460314797714,0.008591618148564968,9.803257434777029,0.0,0.0,-0.0033731190122754384
13.65,synthetic_0,13.083833916589246,80.27094511071871,12.044183131338231,7.785915359332054,11.890082030586315,-0.1927006780341145,0.008836626267646351,9.81133967156044,0.0,0.0,-0.0035353117936734457
13.700000000000001,synthetic_0,13.083837764612731,80.27094572195236,12.045297737115423,7.776297050575123,11.87972188092559,-0.19201664383136752,0.009059547423084626,9.805272015525606,0.0,0.0,-0.00369736647740454
13.75,synthetic_0,13.083841610142509,80.27094632126098,12.04629912214043,7.766713694948917,11.868897681139472,-0.19130260741866856,0.009259824428086273,9.801684603647514,0.0,0.0,-0.003859276733227668
13.8,synthetic_0,13.083845453207854,80.27094690856384,12.047184783472206,7.757166789833256,11.857609854046892,-0.19055868036276458,0.009436956694441048,9.804202092543118,0.0,0.0,-0.0040210362365442065
13.850000000000001,synthetic_0,13.083849293838343,80.27094748378099,12.047952507418659,7.747657826912641,11.845858840577158,-0.18978497890074664,0.009590501483731763,9.816257532109198,0.0,0.0,-0.004182638668643879
13.9,synthetic_0,13.083853132063842,80.27094804683327,12.048600375069748,7.738188291943182,11.833645099752742,-0.18898162392188667,0.00972007501394976,9.796365810300802,0.0,0.0,-0.004344077716952333
13.950000000000001,synthetic_0,13.083856967914501,80.27094859764235,12.04912676709375,7.728759664520452,11.820969108671338,-0.18814874094877254,0.009825353418750099,9.818060382399862,0.0,0.0,-0.004505347075277055
14.0,synthetic_0,13.083860801420753,80.2709491361307,12.049530367784744,7.719373417848304,11.807831362487242,-0.18728646011768824,0.009906073556948704,9.821422872010977,0.0,0.0,-0.004666440444054398
14.05,synthetic_0,13.083864632613299,80.27094966222161,12.049810168351192,7.710031018508683,11.79423237439199,-0.18639491615823012,0.009962033670238317,9.807007328723635,0.0,0.0,-0.004827351530596047
14.100000000000001,synthetic_0,13.083868461523112,80.27095017583918,12.049965469437396,7.700733926232481,11.780172675594326,-0.18547424837233706,0.009993093887479178,9.809199182486479,0.0,0.0,-0.004988074049332436
14.15,synthetic_0,13.083872288181425,80.27095067690833,12.04999588287152,7.69148359367145,11.765652815299443,-0.18452460061249454,0.009999176574304032,9.792532006930161,0.0,0.0,-0.005148601722060053
14.200000000000001,synthetic_0,13.083876112619723,80.27095116535479,12.049901332635818,7.682281466171232,11.750673360687543,-0.18354612125921044,0.009980266527163616,9.830255345504545,0.0,0.0,-0.005308928278187353
14.25,synthetic_0,13.083879934869747,80.2709516411051,12.049682055056637,7.673128981545529,11.735234896891663,-0.18253896319791352,0.009936411011327625,9.816438856990695,0.0,0.0,-0.005469047454979559
14.3,synthetic_0,13.083883754963475,80.27095210408666,12.049338598213732,7.664027569851441,11.719338026974834,-0.18150328379499037,0.009867719642746133,9.808372758633908,0.0,0.0,-0.005628952997800418
14.350000000000001,synthetic_0,13.083887572933126,80.27095255422766,12.048871820570334,7.6549786531660295,11.702983371906516,-0.18043924487322727,0.009774364114066823,9.807224376033849,0.0,0.0,-0.005788638660360612
14.4,synthetic_0,13.08389138881115,80.2709529914571,12.048282888827464,7.645983645364118,11.686171570538342,-0.17934701268655928,0.009656577765492775,9.811159718685579,0.0,0.0,-0.005948098204959229
14.450000000000001,synthetic_0,13.083895202630218,80.27095341570484,12.047573275007768,7.637043951897374,11.668903279579165,-0.17822675789404663,0.009514655001553475,9.800137640648682,0.0,0.0,-0.006107325402727737
14.5,synthetic_0,13.083899014423228,80.27095382690152,12.046744752776235,7.628160969574713,11.651179173569407,-0.17707865553322044,0.00934895055524683,9.809482617642907,0.0,0.0,-0.0062663140338750645
14.55,synthetic_0,13.083902824223284,80.27095422497867,12.045799393006957,7.619336086344052,11.632999944854701,-0.17590288499272688,0.009159878601391393,9.797414230654256,0.0,0.0,-0.00642505788792741
14.600000000000001,synthetic_0,13.083906632063698,80.27095460986857,12.044739558607025,7.6105706810754405,11.61436630355886,-0.17469962998432287,0.008947911721405034,9.811623195927973,0.0,0.0,-0.006583550763972212
14.65,synthetic_0,13.08391043797799,80.27095498150437,12.043567898610487,7.601866123345619,11.595278977556129,-0.17346907851416127,0.008713579722097513,9.79986786729735,0.0,0.0,-0.0067417864709021225
14.700000000000001,synthetic_0,13.083914241999864,80.27095533982008,12.042287341557147,7.593223773224024,11.575738712442751,-0.17221142285340107,0.008457468311429335,9.81560518328718,0.0,0.0,-0.006899758827655922
14.75,synthetic_0,13.08391804416322,80.27095568475043,12.040901088172735,7.584644981060279,11.555746271507847,-0.17092685950818698,0.008180217634546941,9.805446308479548,0.0,0.0,-0.007057461663457776
14.8,synthetic_0,13.083921844502141,80.27095601623111,12.039412603368765,7.576131087273206,11.5353024357036,-0.16961558918892727,0.007882520673753163,9.809337460811882,0.0,0.0,-0.007214888818060927
14.850000000000001,synthetic_0,13.083925643050883,80.27095633419854,12.037825607582063,7.5676834221413865,11.514408003614744,-0.16827781677893228,0.007565121516412409,9.836258881101765,0.0,0.0,-0.007372034141987227
14.9,synthetic_0,13.083929439843876,80.27095663859001,12.036144067475599,7.5593033055953125,11.493063791427378,-0.16691375130243102,0.00722881349511976,9.81469233137241,0.0,0.0,-0.007528891496766388
14.950000000000001,synthetic_0,13.083933234915712,80.27095692934361,12.034372186023912,7.550992047011143,11.47127063289708,-0.16552360589187742,0.006874437204782592,9.80932800417472,0.0,0.0,-0.0076854547551793995
15.0,synthetic_0,13.083937028301142,80.2709572063983,12.032514392007856,7.542750945006125,11.449029379316325,-0.16410759775465245,0.006502878401571169,9.807093885614751,0.0,0.0,-0.00784171780149362
15.05,synthetic_0,13.08394082003507,80.27095746969383,12.030575328944947,7.534581287235678,11.42634089948126,-0.16266594813915347,0.006115065788989408,9.796258378819525,0.0,0.0,-0.007997674531702581
15.100000000000001,synthetic_0,13.083944610152544,80.27095771917081,12.028559843482999,7.526484350192209,11.403206079657743,-0.16119888230019974,0.005711968696599872,9.817492211386025,0.0,0.0,-0.008153318853767466
15.15,synthetic_0,13.083948398688758,80.27095795477062,12.026472973286022,7.518461399005658,11.379625823546728,-0.1597066294638516,0.005294594657204644,9.82267339182272,0.0,0.0,-0.00830864468785164
15.200000000000001,synthetic_0,13.083952185679033,80.27095817643554,12.02431993444269,7.510513687245824,11.355601052248973,-0.15818942279156367,0.004863986888537981,9.80729355120827,0.0,0.0,-0.008463645966558797
15.25,synthetic_0,13.083955971158824,80.27095838410862,12.022106108428828,7.502642456726502,11.331132704229054,-0.15664749934380495,0.0044212216857653945,9.823417515280052,0.0,0.0,-0.008618316635171652
15.3,synthetic_0,13.083959755163702,80.27095857773377,12.01983702865653,7.494848937311444,11.306221735278701,-0.15508110004297748,0.003967405731306121,9.805527222299977,0.0,0.0,-0.008772650651887315
15.350000000000001,synthetic_0,13.083963537729359,80.27095875725568,12.017518366643518,7.487134346722204,11.28086911847947,-0.15349046963577528,0.0035036733287035445,9.788919456500395,0.0,0.0,-0.00892664198805182
15.4,synthetic_0,13.083967318891593,80.27095892261993,12.015155917837285,7.479499890347866,11.255075844164738,-0.15187585665497494,0.0030311835674570226,9.800117617110981,0.0,0.0,-0.009080284628398827
15.450000000000001,synthetic_0,13.08397109868631,80.27095907377284,12.012755587129508,7.4719467610567065,11.228842919880995,-0.15023751338055114,0.0025511174259017265,9.796080076702543,0.0,0.0,-0.009233572571282211
15.5,synthetic_0,13.08397487714951,80.27095921066163,12.01032337409689,7.464476139009811,11.202171370348514,-0.14857569580032148,0.002064674819377966,9.803904599763657,0.0,0.0,-0.009386499828911155
15.55,synthetic_0,13.083978654317283,80.27095933323429,12.007865358005338,7.457089191476674,11.175062237421306,-0.14689066356990743,0.0015730716010676025,9.812919808108518,0.0,0.0,-0.0095390604275844
15.600000000000001,synthetic_0,13.083982430225811,80.27095944143966,12.005387682614971,7.44978707265282,11.14751658004643,-0.1451826799721445,0.001077536522994423,9.797360264284283,0.0,0.0,-0.009691248407921738
15.65,synthetic_0,13.083986204911351,80.27095953522735,12.00289654082392,7.44257092347946,11.119535474222626,-0.14345201187601297,0.000579308164783948,9.805847548895157,0.0,0.0,-0.009843057825101309
15.700000000000001,synthetic_0,13.083989978410234,80.27095961454783,12.000398159189297,7.435441871465219,11.091120012958278,-0.1416989296948934,7.963183785935568e-05,9.808643520943567,0.0,0.0,-0.00999448274908582
15.75,synthetic_0,13.083993750758856,80.2709596793524,11.997898782364057,7.428401030509971,11.062271306228734,-0.13992370734428938,-0.00042024352718840794,9.799319717580204,0.0,0.0,-0.010145517264858739
15.8,synthetic_0,13.083997521993679,80.27095972959313,11.995404657488615,7.42144950073079,11.032990480932925,-0.13812662219907956,-0.0009190685022768164,9.79755680905765,0.0,0.0,-0.010296155472654112
15.850000000000001,synthetic_0,13.084001292151218,80.27095976522293,11.992922018576245,7.414588368290063,11.003278680849373,-0.13630795505016557,-0.0014155962847511561,9.807521828109314,0.0,0.0,-0.01044639148818527
15.9,synthetic_0,13.084005061268039,80.27095978619549,11.99045707093129,7.407818705225774,10.973137066591486,-0.13446799006059607,-0.0019085858137418937,9.815373696456145,0.0,0.0,-0.010596219442877142
15.950000000000001,synthetic_0,13.084008829380748,80.27095979246535,11.988015975639147,7.401141569284003,10.942566815562241,-0.13260701472116665,-0.0023968048721705717,9.800617719261083,0.0,0.0,-0.010745633484094408
16.0,synthetic_0,13.08401259652599,80.27095978398783,11.985604834166747,7.394558003753657,10.91156912190818,-0.13072531980546032,-0.002879033166650653,9.799136083662027,0.0,0.0,-0.010894627775369925
16.05,synthetic_0,13.084016362740444,80.27095976071908,11.983229673112072,7.388069037303457,10.880145196472771,-0.12882319932449704,-0.003354065377585613,9.805237466602758,0.0,0.0,-0.011043196496633712
16.1,synthetic_0,13.08402012806081,80.27095972261601,11.980896429140799,7.381675683821207,10.848296266749102,-0.12690095048073502,-0.003820714171840091,9.809549486106368,0.0,0.0,-0.011191333844438323
16.150000000000002,synthetic_0,13.08402389252381,80.27095966963638,11.978610934147728,7.3753789422553835,10.816023576831949,-0.12495887362163671,-0.004277813170454444,9.801219831461248,0.0,0.0,-0.011339034032187001
16.2,synthetic_0,13.08402765616618,80.27095960173874,11.976378900680077,7.3691797964590435,10.78332838736915,-0.12299727219276413,-0.004724219863984662,9.803308522273959,0.0,0.0,-0.01148629129036155
16.25,synthetic_0,13.08403141902466,80.27095951888242,11.974205907659094,7.363079215036107,10.75021197551239,-0.12101645269034123,-0.005158818468181094,9.804337314508006,0.0,0.0,-0.011633099866743268
16.3,synthetic_0,13.084035181135995,80.27095942102756,11.972097386435662,7.357078151190009,10.716675634867292,-0.11901672461339885,-0.0055805227128677935,9.795792084056115,0.0,0.0,-0.011779454026640268
16.35,synthetic_0,13.084038942536926,80.27095930813506,11.970058607214739,7.351177542574767,10.682720675442901,-0.1169984004153779,-0.005988278557052371,9.804874628908621,0.0,0.0,-0.011925348053112295
16.400000000000002,synthetic_0,13.084042703264181,80.2709591801667,11.968094665882603,7.345378311148472,10.648348423600503,-0.11496179545532392,-0.006381066823479502,9.801049521971613,0.0,0.0,-0.012070776247191661
16.45,synthetic_0,13.084046463354472,80.27095903708494,11.966210471269784,7.339681363029235,10.613560222001817,-0.11290722794861985,-0.006757905746043268,9.822483891631165,0.0,0.0,-0.01221573292810918
16.5,synthetic_0,13.084050222844493,80.27095887885312,11.964410732881543,7.33408758835361,10.578357429556538,-0.11083501891724801,-0.007117853423691231,9.801476775648355,0.0,0.0,-0.012360212433513429
16.55,synthetic_0,13.084053981770905,80.2709587054353,11.962699949126568,7.32859786113751,10.542741421369273,-0.10874549213967022,-0.007460010174686368,9.811221110021156,0.0,0.0,-0.012504209119690302
16.6,synthetic_0,13.084057740170339,80.27095851679638,11.961082396073285,7.323213039139643,10.506713588685813,-0.10663897410019274,-0.007783520785342985,9.810445188412666,0.0,0.0,-0.012647717361788657
16.650000000000002,synthetic_0,13.084061498079382,80.270958312902,11.959562116761923,7.317933963727491,10.47027533883879,-0.10451579393795818,-0.008087576647615507,9.795469678792793,0.0,0.0,-0.01279073155403515
16.7,synthetic_0,13.084065255534583,80.27095809371859,11.958142911099012,7.312761459745847,10.43342809519271,-0.10237628339556437,-0.008371417780197468,9.794160503127117,0.0,0.0,-0.012933246109957386
16.75,synthetic_0,13.08406901257243,80.27095785921335,11.956828326359604,7.307696335387934,10.396173297088335,-0.100220776767177,-0.008634334728079056,9.80219514369779,0.0,0.0,-0.013075255462598467
16.8,synthetic_0,13.084072769229362,80.2709576093543,11.955621648320925,7.302739382069129,10.358512399786484,-0.09804961084631358,-0.008875670335815046,9.813275741171223,0.0,0.0,-0.013216754064734604
16.85,synthetic_0,13.084076525541752,80.27095734411016,11.954525893049643,7.297891374303303,10.320446874411168,-0.09586312487323667,-0.009094821390071253,9.800917606878517,0.0,0.0,-0.01335773638909632
16.900000000000002,synthetic_0,13.084080281545905,80.27095706345047,11.953543799363281,7.293153069581805,10.28197820789213,-0.0936616604819207,-0.009291240127343697,9.800088455894727,0.0,0.0,-0.013498196928578565
16.95,synthetic_0,13.08408403727805,80.27095676734552,11.95267782198459,7.288525208255111,10.243107902906768,-0.09144556164672579,-0.00946443560308209,9.777647792602574,0.0,0.0,-0.013638130196459708
17.0,synthetic_0,13.084087792774339,80.27095645576638,11.951930125406022,7.284008513417133,10.203837477821423,-0.08921517462857409,-0.009613974918795568,9.802681611077965,0.0,0.0,-0.013777530726614418
17.05,synthetic_0,13.084091548070834,80.27095612868487,11.951302578479632,7.2796036907922534,10.164168466632086,-0.0869708479208775,-0.009739484304073407,9.809774788834915,0.0,0.0,-0.013916393073727107
17.1,synthetic_0,13.08409530320351,80.27095578607357,11.950796749745917,7.275311428625045,10.124102418904458,-0.08471293219513676,-0.009840650050816434,9.811096872259759,0.0,0.0,-0.014054711813505094
17.150000000000002,synthetic_0,13.084099058208242,80.27095542790582,11.950413903513281,7.27113239757274,10.083640899713437,-0.0824417802460875,-0.009917219297343894,9.810941922627412,0.0,0.0,-0.014192481542888713
17.2,synthetic_0,13.084102813120804,80.27095505415572,11.95015499669792,7.267067250600436,10.042785489581973,-0.08015774693661548,-0.009969000660415962,9.803371555162624,0.0,0.0,-0.014329696880267806
17.25,synthetic_0,13.08410656797686,80.27095466479811,11.95002067643204,7.263116622879078,10.001537784419323,-0.07786118914226314,-0.009995864713592172,9.804378421707998,0.0,0.0,-0.014466352465685173
17.3,synthetic_0,13.084110322811961,80.2709542598086,11.950011278446349,7.25928113168621,9.95989939545873,-0.07555246569550533,-0.009997744310730111,9.81497276254071,0.0,0.0,-0.014602442961048068
17.35,synthetic_0,13.084114077661537,80.27095383916354,11.950126826230921,7.255561376309528,9.917871949194467,-0.07323193732969635,-0.00997463475381581,9.805292891154933,0.0,0.0,-0.01473796305033942
17.400000000000002,synthetic_0,13.084117832560896,80.27095340284001,11.950367030976468,7.25195793795324,9.87545708731831,-0.07089996662267062,-0.009926593804706327,9.783619566684024,0.0,0.0,-0.014872907439822669
17.45,synthetic_0,13.084121587545209,80.27095295081585,11.950731292296224,7.248471379647261,9.832656466655411,-0.06855691794010355,-0.009853741540755202,9.81685009680921,0.0,0.0,-0.01500727085825132
17.5,synthetic_0,13.08412534264952,80.27095248306966,11.951218699726592,7.24510224615923,9.789471759099563,-0.06620315737859706,-0.009756260054681576,9.795873195385536,0.0,0.0,-0.01514104805707045
17.55,synthetic_0,13.08412909790872,80.27095199958072,11.951828035002833,7.241851063909401,9.74590465154792,-0.0638390527084276,-0.00963439299943326,9.820402888764397,0.0,0.0,-0.015274233810624593
17.6,synthetic_0,13.084132853357564,80.27095150032909,11.952557775104093,7.238718340888387,9.701956845835081,-0.06146497331615208,-0.00948844497918124,9.823591469685189,0.0,0.0,-0.015406822916363416
17.650000000000002,synthetic_0,13.084136609030645,80.27095098529557,11.95340609606016,7.235704566577786,9.657630058666616,-0.05908129014685848,-0.009318780787967886,9.814274396753582,0.0,0.0,-0.015538810195039332
17.7,synthetic_0,13.084140364962407,80.27095045446165,11.95437087751044,7.232810211873701,9.61292602155202,-0.0566883756461678,-0.009125824497911845,9.815691157010548,0.0,0.0,-0.015670190490919
17.75,synthetic_0,13.08414412118712,80.2709499078096,11.955449708003757,7.230035729013169,9.567846480737046,-0.05428660370212057,-0.008910058399248534,9.82522798699674,0.0,0.0,-0.01580095867197623
17.8,synthetic_0,13.084147877738893,80.27094934532236,11.956639891025722,7.227381551503489,9.522393197135534,-0.05187634958669918,-0.008672021794855813,9.795628756942984,0.0,0.0,-0.01593110963009292
17.85,synthetic_0,13.084151634651658,80.27094876698365,11.957938451738611,7.224848094054499,9.476567946260591,-0.0494579898971903,-0.008412309652277598,9.809188518379191,0.0,0.0,-0.016060638281266415
17.900000000000002,synthetic_0,13.084155391959166,80.27094817277786,11.959342144416926,7.22243575251377,9.430372518155252,-0.04703190249736977,-0.008131571116614864,9.809040661352991,0.0,0.0,-0.016189539565798217
17.95,synthetic_0,13.084159149694987,80.27094756269013,11.960847460559995,7.220144903804762,9.38380871732256,-0.04459846645848309,-0.007830507888000987,9.796978903355116,0.0,0.0,-0.01631780844849995
18.0,synthetic_0,13.084162907892498,80.2709469367063,11.962450637661416,7.217975905867922,9.336878362655055,-0.04215806199995065,-0.007509872467716761,9.826768124577498,0.0,0.0,-0.01644543991888514
18.05,synthetic_0,13.08416666658488,80.27094629481294,11.964147668613354,7.215929097604767,9.289583287363753,-0.03971107042998412,-0.007170466277329218,9.80084306615935,0.0,0.0,-0.01657242899136352
18.1,synthetic_0,13.084170425805116,80.27094563699733,11.965934311722226,7.214004798824924,9.241925338906517,-0.03725787408606962,-0.0068131376555549995,9.799337536952034,0.0,0.0,-0.0166987707054414
18.150000000000002,synthetic_0,13.08417418558598,80.27094496324743,11.967806101310723,7.21220331019616,9.193906378915903,-0.03479885627513113,-0.0064387797378553935,9.80932714248641,0.0,0.0,-0.0168244601259121
18.2,synthetic_0,13.084177945960038,80.27094427355193,11.969758358879686,7.2105249131974105,9.145528283126428,-0.03233440121368503,-0.006048328224062842,9.816961175983206,0.0,0.0,-0.0169494923430491
18.25,synthetic_0,13.08418170695964,80.27094356790026,11.971786204801907,7.2089698700747915,9.096792941301302,-0.029864893967843642,-0.005642759039618552,9.800639534669545,0.0,0.0,-0.01707386247279674
18.3,synthetic_0,13.08418546861691,80.27094284628248,11.973884570518663,7.207538423800626,9.047702257158623,-0.027390720393078993,-0.005223085896267315,9.800654327081329,0.0,0.0,-0.017197565656961733
18.35,synthetic_0,13.084189230963753,80.27094210868938,11.97604821120847,7.206230798035484,8.998258148296998,-0.024912267073977645,-0.004790357758305961,9.811691091112769,0.0,0.0,-0.01732059706340522
18.400000000000002,synthetic_0,13.084192994031838,80.2709413551125,11.978271718896405,7.205047197093228,8.948462546120641,-0.022429921263826813,-0.004345656220718935,9.79239385500494,0.0,0.0,-0.01744295188622874
18.45,synthetic_0,13.084196757852597,80.27094058554398,11.98054953597123,7.203987805909101,8.898317395763932,-0.01994407082412053,-0.0038900928057541547,9.79892414384289,0.0,0.0,-0.01756462534596187
18.5,synthetic_0,13.084200522457225,80.27093979997674,11.982875969076519,7.203052790010816,8.847824656015428,-0.017455104163923707,-0.0034248061846961254,9.798267648667926,0.0,0.0,-0.017685612689751495
18.55,synthetic_0,13.08420428787667,80.27093899840435,11.985245203341096,7.202242295492709,8.796986299241354,-0.014963410179200665,-0.002950959331780938,9.802306657295286,0.0,0.0,-0.017805909191544178
18.6,synthetic_0,13.084208054141625,80.27093818082106,11.987651316913169,7.201556448992896,8.74580431130856,-0.012469378192081493,-0.002469736617366209,9.805227336000591,0.0,0.0,-0.01792551015227295
18.650000000000002,synthetic_0,13.084211821282532,80.27093734722185,11.99008829576189,7.2009953576735,8.69428069150694,-0.009973397890004065,-0.0019823408476220307,9.825092084273725,0.0,0.0,-0.018044410900039942
18.7,synthetic_0,13.084215589329569,80.27093649760234,11.99255004870929,7.200559109203896,8.642417452471346,-0.007475859264793883,-0.001489990258141988,9.815723609233283,0.0,0.0,-0.01816260679030096
18.75,synthetic_0,13.08421935831265,80.27093563195886,11.995030422655057,7.200247771747021,8.59021662010295,-0.004977152551770558,-0.0009939154689884817,9.806873982156455,0.0,0.0,-0.01828009320604479
18.8,synthetic_0,13.08422312826142,80.27093475028843,11.997523217956081,7.200061393948719,8.537680233490132,-0.0024776681687921354,-0.0004953564087836742,9.804402981091997,0.0,0.0,-0.018396865557971653
18.85,synthetic_0,13.084226899205248,80.27093385258873,12.000022203922333,7.200000004930142,8.484810344828814,2.220334479829944e-05,4.440784466461913e-06,9.815393512655863,0.0,0.0,-0.018512919284676688
18.900000000000002,synthetic_0,13.084230671173223,80.27093293885811,12.00252113439034,7.200063614283199,8.4316090193423,0.002522071389154945,0.0005042268780681477,9.81093399928814,0.0,0.0,-0.01862824985282563
18.95,synthetic_0,13.084234444194152,80.27093200909565,12.005013763335354,7.200252212069057,8.378078335200604,0.005021545364991553,0.0010027526670709096,9.815562089562679,0.0,0.0,-0.018742852757334116
19.0,synthetic_0,13.084238218296552,80.27093106330105,12.007493860483148,7.200565768819698,8.324220383439261,0.007520234734581521,0.0014987720966295234,9.820459750786883,0.0,0.0,-0.018856723521540608
19.05,synthetic_0,13.084241993508645,80.27093010147469,12.00995522688246,7.2010042355425155,8.270037267877669,0.010017749082793515,0.0019910453764919824,9.79656815091816,0.0,0.0,-0.01896985769738152
19.1,synthetic_0,13.08424576985836,80.27092912361766,12.012391710399148,7.201567543727977,8.21553110503689,0.012513698178091559,0.0024783420798295984,9.784121450411778,0.0,0.0,-0.019082250865568307
19.150000000000002,synthetic_0,13.084249547373318,80.2709281297317,12.014797221093316,7.202255605360325,8.160704024056976,0.015007692033499609,0.002959444218663245,9.806431975057771,0.0,0.0,-0.0191938986357576
19.200000000000003,synthetic_0,13.084253326080841,80.2709271198192,12.017165746440995,7.203068312931327,8.105558166613807,0.017499340967574994,0.003433149288198987,9.807444613698392,0.0,0.0,-0.01930479664672108
19.25,synthetic_0,13.084257106007932,80.27092609388325,12.019491366362319,7.204005539457082,8.050095686835434,0.01998825566523088,0.0038982732724637858,9.80951778858933,0.0,0.0,-0.019414940566520322
19.3,synthetic_0,13.084260887181284,80.27092505192759,12.021768268018645,7.20506713849785,7.994318751217913,0.02247404723858537,0.004353653603728932,9.800661762350886,0.0,0.0,-0.019524326092673905
19.35,synthetic_0,13.084264669627272,80.27092399395661,12.023990760341619,7.206252944180941,7.938229538540698,0.024956327287792845,0.0047981520683237225,9.804323797202892,0.0,0.0,-0.019632948952321427
19.400000000000002,synthetic_0,13.084268453371942,80.2709229199754,12.026153288257884,7.2075627712266295,7.881830239781532,0.027434707961635496,0.005230657651576994,9.81223736697651,0.0,0.0,-0.01974080490239616
19.450000000000003,synthetic_0,13.084272238441018,80.2709218299897,12.028250446573876,7.208996414977104,7.825123058030851,0.029908802018177028,0.00565008931477517,9.812775584601068,0.0,0.0,-0.019847889729789348
19.5,synthetic_0,13.084276024859887,80.2709207240059,12.03027699348598,7.210553651428447,7.768110208405734,0.03237822288525649,0.006055398697196011,9.819959788428799,0.0,0.0,-0.019954199251515092
19.55,synthetic_0,13.084279812653605,80.27091960203106,12.032227863682323,7.21223423726563,7.710793917963359,0.034842584720866654,0.006445572736464569,9.7849872058592,0.0,0.0,-0.020059729314869934
19.6,synthetic_0,13.084283601846886,80.27091846407289,12.034098181003406,7.214037909900534,7.653176425614044,0.0373015024735146,0.0068196362006813565,9.790163415141764,0.0,0.0,-0.020164475797598003
19.650000000000002,synthetic_0,13.084287392464098,80.2709173101398,12.035883270629972,7.215964387512981,7.5952599820337525,0.03975459194228925,0.007176654125994315,9.82126941198889,0.0,0.0,-0.020268434608055053
19.700000000000003,synthetic_0,13.084291184529265,80.27091614024079,12.037578670767607,7.218013369094763,7.537046849576198,0.042201469836946615,0.007515734153521506,9.812731985375729,0.0,0.0,-0.020371601685361673
19.75,synthetic_0,13.084294978066056,80.27091495438559,12.039180143798918,7.220184534496676,7.478539302184471,0.04464175383780855,0.007836028759783554,9.814584348767802,0.0,0.0,-0.020473972999568435
19.8,synthetic_0,13.084298773097789,80.27091375258452,12.040683686875354,7.222477544478544,7.419739625302192,0.04707506265544836,0.008136737375071054,9.803801655124712,0.0,0.0,-0.020575544551808822
19.85,synthetic_0,13.084302569647418,80.27091253484862,12.042085541922258,7.224892040762221,7.360650115784267,0.04950101609033197,0.008417108384451784,9.801908446069948,0.0,0.0,-0.020676312374455497
19.900000000000002,synthetic_0,13.08430636773754,80.27091130118953,12.043382205032083,7.227427646087577,7.30127308180715,0.05191923509215712,0.008676441006416692,9.808648037374525,0.0,0.0,-0.020776272531279893
19.950000000000003,synthetic_0,13.08431016739038,80.2709100516196,12.044570435222344,7.2300839642714365,7.241610842778675,0.054329341819121524,0.008914087044468683,9.79725212492517,0.0,0.0,-0.020875421117599047
20.0,synthetic_0,13.084313968627793,80.27090878615178,12.04564726253638,7.232860580269489,7.181665729247479,0.05673095969696895,0.009129452507276276,9.79134838312916,0.0,0.0,-0.020973754260436295
20.05,synthetic_0,13.084317771471268,80.27090750479971,12.046609995466714,7.235757060241133,7.121440082811922,0.059123713477786666,0.00932199909334265,9.795544300901586,0.0,0.0,-0.021071268118665748
20.1,synthetic_0,13.084321575941908,80.27090620757767,12.047456227682394,7.238772951617268,7.060936256028668,0.06150722929865182,0.009491245536478947,9.807815261831204,0.0,0.0,-0.021167958883162308
20.150000000000002,synthetic_0,13.084325382060443,80.27090489450062,12.048183844043596,7.241907783170999,7.000156612320756,0.06388113474007362,0.009636768808719165,9.813021912896309,0.0,0.0,-0.02126382277695696
20.200000000000003,synthetic_0,13.084329189847216,80.27090356558413,12.048791025888349,7.245161065091275,6.93910352588529,0.0662450588841601,0.009758205177669763,9.823162593507154,0.0,0.0,-0.021358856055377212
20.25,synthetic_0,13.08433299932218,80.27090222084446,12.049276255578256,7.248532289059415,6.877779381600701,0.0685986323725718,0.009855251115651198,9.810368213857762,0.0,0.0,-0.021453055006199623
20.3,synthetic_0,13.084336810504906,80.27090086029851,12.049638320291795,7.252020928328532,6.816186574933566,0.07094148746424445,0.009927664058359072,9.811375170068679,0.0,0.0,-0.021546415949789538
20.35,synthetic_0,13.084340623414567,80.27089948396385,12.049876315055743,7.255626437805839,6.75432751184507,0.0732732580928186,0.009975263011148544,9.823531409287343,0.0,0.0,-0.02163893523924529
20.400000000000002,synthetic_0,13.084344438069937,80.27089809185865,12.049989645007134,7.259348254137814,6.692204608697,0.07559357992390048,0.009997929001426693,9.798883445746386,0.0,0.0,-0.021730609260544875
20.450000000000003,synthetic_0,13.084348254489397,80.27089668400183,12.04997802688011,7.263185795798229,6.629820292157358,0.07790209041191432,0.009995605376022045,9.79705708628159,0.0,0.0,-0.02182143443268253
20.5,synthetic_0,13.084352072690923,80.27089526041286,12.04984148971394,7.2671384631790055,6.567176999105583,0.08019842885677697,0.009968297942787993,9.801270683438345,0.0,0.0,-0.021911407207813594
20.55,synthetic_0,13.084355892692084,80.27089382111194,12.049580374780431,7.271205638683907,6.504277176537333,0.08248223646030617,0.009916074956086181,9.805687759363533,0.0,0.0,-0.022000524071387334
20.6,synthetic_0,13.084359714510045,80.2708923661199,12.04919533473093,7.275386686825036,6.441123281468936,0.08475315638221126,0.009839066946186161,9.826882357730609,0.0,0.0,-0.022088781542285857
20.650000000000002,synthetic_0,13.084363538161558,80.27089089545822,12.048687331965038,7.279680954322128,6.377717780841388,0.08701083379584418,0.009737466393007686,9.80316159530073,0.0,0.0,-0.022176176172964412
20.700000000000003,synthetic_0,13.084367363662961,80.27088940914905,12.048057636225106,7.2840877702046205,6.314063151423992,0.0892549159437106,0.009611527245021156,9.819721134003524,0.0,0.0,-0.02226270454958018
20.75,synthetic_0,13.084371191030183,80.27088790721517,12.047307821422544,7.288606445916499,6.2501618797176235,0.09148505219257252,0.009461564284508709,9.801923391897473,0.0,0.0,-0.022348363292131607
20.8,synthetic_0,13.084375020278726,80.27088638968006,12.046439761703862,7.293236275423878,6.1860164618575695,0.0937008940881423,0.009287952340772404,9.811564161802309,0.0,0.0,-0.02243314905458413
20.85,synthetic_0,13.084378851423674,80.27088485656782,12.045455626766282,7.297976535325313,6.121629403516067,0.09590209540964345,0.00909112535325624,9.813463169289424,0.0,0.0,-0.02251705852500313
20.900000000000002,synthetic_0,13.084382684479692,80.27088330790325,12.044357876434617,7.302826484964842,6.057003219804394,0.09808831222386516,0.008871575286923495,9.811979525398904,0.0,0.0,-0.022600088425686893
20.950000000000003,synthetic_0,13.084386519461017,80.27088174371175,12.043149254513002,7.3077853665477,5.992140435174635,0.10025920293884383,0.008629850902600534,9.814160465546568,0.0,0.0,-0.022682235513289545
21.0,synthetic_0,13.084390356381457,80.27088016401946,12.041832781926804,7.3128524052587265,5.92704358332107,0.10241442835734027,0.00836655638536056,9.799759605618718,0.0,0.0,-0.02276349657895249
21.05,synthetic_0,13.08439419525439,80.2708785688531,12.040411749171877,7.318026809383434,5.861715207081189,0.10455365172977515,0.008082349834375502,9.821211473693108,0.0,0.0,-0.022843868448425564
21.1,synthetic_0,13.084398036092768,80.27087695824012,12.038889708090055,7.323307770431704,5.796157858336385,0.10667653880684469,0.007777941618010929,9.816459923461853,0.0,0.0,-0.022923347982191367
21.150000000000002,synthetic_0,13.084401878909102,80.2708753322086,12.037270462991374,7.328694463264118,5.730374097912259,0.1087827578917544,0.007454092598275017,9.799631213165126,0.0,0.0,-0.023001932075591286
21.200000000000003,synthetic_0,13.084405723715474,80.2708736907873,12.035558061145299,7.334186046220879,5.664366495478587,0.11087197989205322,0.0071116122290598,9.811707631571336,0.0,0.0,-0.02307961765894387
21.25,synthetic_0,13.08440957052352,80.27087203400562,12.03375678266464,7.3397816612533235,5.59813762944895,0.1129438783710679,0.00675135653292801,9.795918392200939,0.0,0.0,-0.023156401697667084
21.3,synthetic_0,13.08441341934445,80.27087036189369,12.031871129807511,7.345480434057986,5.531690086879998,0.11499812959887556,0.006374225961502389,9.807599003397051,0.0,0.0,-0.02323228119239379
21.35,synthetic_0,13.08441727018902,80.27086867448223,12.029905815724028,7.351281474213211,5.4650264633704175,0.11703441260289438,0.005981163144805719,9.794939136093276,0.0,0.0,-0.023307253179090243
21.400000000000002,synthetic_0,13.084421123067552,80.27086697180269,12.027865752675883,7.357183875318276,5.398149362959524,0.11905240921804783,0.005573150535176584,9.813833665575698,0.0,0.0,-0.023381314729173236
21.450000000000003,synthetic_0,13.084424977989919,80.27086525388718,12.025756039758251,7.363186715135016,5.331061398025549,0.12105180413646721,0.0051512079516502,9.836293709900113,0.0,0.0,-0.02345446294962139
21.5,synthetic_0,13.084428834965552,80.27086352076849,12.02358195015471,7.369289055731922,5.263765189183597,0.12303228495677665,0.004716390030941962,9.821358400134873,0.0,0.0,-0.023526694983094093
21.55,synthetic_0,13.084432694003436,80.27086177248006,12.021348917957024,7.3754899436306935,5.196263365183259,0.12499354223288073,0.004269783591404784,9.813957794218428,0.0,0.0,-0.02359800800803627
21.6,synthetic_0,13.084436555112106,80.27086000905602,12.019062524582747,7.3817884099552105,5.128558562805957,0.12693526952229917,0.0038125049165494015,9.797621284858865,0.0,0.0,-0.023668399238790383
21.650000000000002,synthetic_0,13.084440418299648,80.27085823053122,12.016728484824585,7.3881834705829235,5.060653426761925,0.12885716343409293,0.003345696964916824,9.810452580125185,0.0,0.0,-0.02373786592570898
21.700000000000003,synthetic_0,13.0844442835737,80.27085643694112,12.014352632566386,7.39467412629862,4.992550609586904,0.1307589236762663,0.0028705265132772505,9.818495560951902,0.0,0.0,-0.023806405355257243
21.75,synthetic_0,13.084448150941448,80.27085462832193,12.01194090620148,7.40125936295055,4.924252771538536,0.13264025310264493,0.0023881812402958276,9.805766169677591,0.0,0.0,-0.02387401485012458
21.8,synthetic_0,13.084452020409625,80.2708528047105,12.009499333789773,7.407938151608884,4.855762580492425,0.1345008577593365,0.0018998667579543775,9.807942785548287,0.0,0.0,-0.023940691769323286
21.85,synthetic_0,13.084455891984511,80.2708509661444,12.007034017990748,7.414709448726484,4.7870827118379555,0.1363404469306495,0.001406803598149522,9.789706573203226,0.0,0.0,-0.02400643350829304
21.900000000000002,synthetic_0,13.084459765671939,80.27084911266188,12.004551120809992,7.421572196301949,4.718215848373762,0.1381587331844969,0.0009102241619984434,9.798095795148079,0.0,0.0,-0.024071237499006526
21.950000000000003,synthetic_0,13.084463641477278,80.27084724430186,12.00205684819739,7.428525322044933,4.649164680202944,0.13995543241737352,0.00041136963947794865,9.788166473382333,0.0,0.0,-0.02413510121006518
22.0,synthetic_0,13.084467519405448,80.27084536110401,11.999557434535479,7.4355677395436865,4.57993190462798,0.14173026389867616,-8.851309290403876e-05,9.825794691061207,0.0,0.0,-0.024198022146802584
22.05,synthetic_0,13.084471399460915,80.27084346310863,11.997059127056747,7.442698348434801,4.510520226045355,0.14348295031459735,-0.0005881745886505293,9.811376321292437,0.0,0.0,-0.024259997851377446
22.1,synthetic_0,13.084475281647686,80.27084155035676,11.994568170228796,7.449916034575146,4.4409323558399425,0.1452132178114507,-0.0010863659542407977,9.813896909769053,0.0,0.0,-0.02432102590287047
22.150000000000002,synthetic_0,13.084479165969316,80.27083962289015,11.992090790146431,7.457219670215946,4.371171012279072,0.14692079603844554,-0.001581841970713916,9.804623013579596,0.0,0.0,-0.02438110391738177
22.200000000000003,synthetic_0,13.0844830524289,80.27083768075123,11.989633178969662,7.464608114178991,4.301238920406357,0.1486054181899643,-0.0020733642060676225,9.792043347250326,0.0,0.0,-0.02444022954812039
22.25,synthetic_0,13.084486941029084,80.27083572398314,11.987201479446533,7.4720802120349425,4.231138811935249,0.15026682104723577,-0.0025597041106933307,9.80840970833827,0.0,0.0,-0.02449840048550117
22.3,synthetic_0,13.084490831772051,80.27083375262974,11.984801769559448,7.479634796283714,4.160873425142311,0.15190474501944884,-0.0030396460881104703,9.800285111445639,0.0,0.0,-0.02455561445722898
22.35,synthetic_0,13.08449472465953,80.2708317667356,11.982440047333379,7.487270686536887,4.090445504760285,0.15351893418428908,-0.003511990533324415,9.796951736654325,0.0,0.0,-0.024611869228388233
22.400000000000002,synthetic_0,13.084498619692797,80.27082976634598,11.980122215843927,7.494986689702143,4.019857801870856,0.1551091363279955,-0.003975556831214361,9.807204109377617,0.0,0.0,-0.024667162601535453
22.450000000000003,synthetic_0,13.084502516872671,80.27082775150691,11.977854068462719,7.502781600169687,3.949113073797192,0.15667510298471576,-0.004429186307456245,9.807748183150387,0.0,0.0,-0.024721492416779484
22.5,synthetic_0,13.084506416199519,80.2708257222651,11.975641274376974,7.510654200000615,3.8782140839962427,0.15821658947534623,-0.004871745124605096,9.804845073682555,0.0,0.0,-0.02477485655187031
22.55,synthetic_0,13.084510317673248,80.27082367866798,11.973489364419509,7.518603259117222,3.807163601950772,0.1597333549457769,-0.005302127116098279,9.798907312183886,0.0,0.0,-0.024827252922278026
22.6,synthetic_0,13.084514221293315,80.27082162076373,11.971403717244522,7.526627535495193,3.735964403061206,0.16122516240447027,-0.0057192565510956386,9.796791321658278,0.0,0.0,-0.024878679481274563
22.650000000000002,synthetic_0,13.084518127058725,80.27081954860124,11.969389545883768,7.534725775357669,3.6646192685371966,0.16269177875954277,-0.006122090823246492,9.806713205813002,0.0,0.0,-0.024929134220017524
22.700000000000003,synthetic_0,13.084522034968028,80.27081746223014,11.967451884716688,7.542896713371147,3.5931309852889894,0.16413297485518008,-0.006509623056662496,9.818874853114412,0.0,0.0,-0.024978615167624008
22.75,synthetic_0,13.084525945019324,80.2708153617008,11.965595576887084,7.551139072843187,3.521502345818565,0.1655485255074307,-0.006880884622582969,9.7906068987942,0.0,0.0,-0.025027120391252558
22.8,synthetic_0,13.084529857210264,80.2708132470643,11.963825262197787,7.55945156592189,3.4497361481105324,0.16693820953937788,-0.00723494756044245,9.800078180065684,0.0,0.0,-0.02507464799617401
22.85,synthetic_0,13.084533771538045,80.27081111837249,11.962145365513557,7.567832893797124,3.377835195522871,0.1683018098157163,-0.007570926897288676,9.805026417134476,0.0,0.0,-0.025121196125845457
22.900000000000002,synthetic_0,13.08453768799942,80.27080897567797,11.960560085701228,7.576281746903462,3.3058022966773986,0.16963911327668058,-0.007887982859754186,9.805062620101396,0.0,0.0,-0.025166762961987832
22.950000000000003,synthetic_0,13.084541606590697,80.27080681903405,11.959073385134738,7.5847968051247925,3.233640265350065,0.1709499109713164,-0.008185322973052373,9.800722365757554,0.0,0.0,-0.025211346724651126
23.0,synthetic_0,13.084545527307732,80.2708046484948,11.957688979791241,7.593376738000593,3.1613519203610503,0.17223399809016549,-0.008462204041751707,9.82593506548719,0.0,0.0,-0.025254945672289544
23.05,synthetic_0,13.084549450145943,80.27080246411508,11.956410329963113,7.602020204933809,3.0889400854646274,0.17349117399724,-0.008717934007377352,9.81064799120029,0.0,0.0,-0.025297558101825268
23.1,synthetic_0,13.0845533751003,80.27080026595046,11.955240631609016,7.610725855400317,3.0164075892388933,0.1747212422613309,-0.008951873678196817,9.796796165263581,0.0,0.0,-0.0253391823487132
23.150000000000002,synthetic_0,13.084557302165338,80.27079805405727,11.954182808365667,7.619492329159942,2.9437572649752615,0.17592401068677432,-0.00916343832686648,9.787828691059303,0.0,0.0,-0.025379816787012566
23.200000000000003,synthetic_0,13.08456123133515,80.27079582849265,11.953239504240273,7.628318256468995,2.8709919505677837,0.17709929134347213,-0.009352099151945402,9.804928501259802,0.0,0.0,-0.025419459829445143
23.25,synthetic_0,13.084565162603388,80.27079358931445,11.952413077001882,7.637202258294289,2.798114488402307,0.17824690059621062,-0.009517384599623535,9.821444687566643,0.0,0.0,-0.02545810992746124
23.3,synthetic_0,13.084569095963278,80.27079133658131,11.951705592288196,7.646142946528616,2.7251277252454207,0.17936665913337535,-0.009658881542360704,9.808577671017357,0.0,0.0,-0.02549576557129639
23.35,synthetic_0,13.084573031407604,80.27078907035266,11.951118818442549,7.655138924207627,2.652034512133284,0.18045839199497316,-0.009776236311490237,9.783490090220726,0.0,0.0,-0.025532425290029984
23.400000000000002,synthetic_0,13.084576968928726,80.27078679068867,11.950654222093968,7.664188785728113,2.57883770426024,0.18152192859995253,-0.009869155581206494,9.792880566193258,0.0,0.0,-0.02556808765164731
23.450000000000003,synthetic_0,13.084580908518568,80.27078449765031,11.950312964491367,7.673291117067622,2.505540160867289,0.1825571027728934,-0.009937407101726602,9.807879169584876,0.0,0.0,-0.02560275126309089
23.5,synthetic_0,13.084584850168632,80.27078219129932,11.950095898601031,7.682444496005402,2.4321447451304055,0.18356375276995074,-0.009980820279793964,9.817326102615079,0.0,0.0,-0.02563641477031968
23.55,synthetic_0,13.084588793869996,80.27077987169822,11.950003566974637,7.691647492344617,2.358654324048673,0.18454172130408786,-0.009999286605072563,9.808060744668573,0.0,0.0,-0.025669076858357426
23.6,synthetic_0,13.084592739613317,80.27077753891035,11.95003620039317,7.700898668135811,2.2850717683323243,0.18549085556972322,-0.009992759921366277,9.80814293310546,0.0,0.0,-0.025700736251343392
23.650000000000002,synthetic_0,13.08459668738883,80.2707751929998,11.950193717290073,7.7101965779015895,2.2113999522905874,0.18641100726655147,-0.00996125654198534,9.817379963447895,0.0,0.0,-0.025731391712587454
23.700000000000003,synthetic_0,13.084600637186357,80.27077283403148,11.950475723955142,7.719539768862466,2.137641753719408,0.1873020326227426,-0.00990485520897156,9.819212533245222,0.0,0.0,-0.02576104204461381
23.75,synthetic_0,13.084604588995305,80.27077046207107,11.95088151551858,7.728926781163864,2.063800053789044,0.18816379241741288,-0.009823696896284232,9.799884694745622,0.0,0.0,-0.025789686089211922
23.8,synthetic_0,13.084608542804673,80.2707680771851,11.951410077712806,7.738356148104208,1.9898777369314986,0.188996152002332,-0.009717984457438633,9.811030457793395,0.0,0.0,-0.025817322727477443
23.85,synthetic_0,13.084612498603052,80.27076567944083,11.95206008940761,7.747826396364097,1.9158776907278803,0.1897989813230172,-0.009587982118477906,9.797076167849006,0.0,0.0,-0.025843950879855804
23.900000000000002,synthetic_0,13.084616456378624,80.27076326890639,11.952829925912273,7.757336046236509,1.841802805795584,0.19057215493901047,-0.009434014817545543,9.795884302026433,0.0,0.0,-0.025869569506189148
23.950000000000003,synthetic_0,13.08462041611918,80.2707608456507,11.953717663036453,7.766883611857998,1.7676559756753831,0.19131555204349837,-0.009256467392709257,9.812533406450394,0.0,0.0,-0.025894177605752244
24.0,synthetic_0,13.084624377812105,80.27075840974348,11.954721081899669,7.776467601440859,1.6934400967184065,0.19202905648223023,-0.00905578362006624,9.792415591330373,0.0,0.0,-0.025917774217296095
24.05,synthetic_0,13.084628341444391,80.27075596125528,11.95583767447733,7.786086517506221,1.6191580679729785,0.19271255677156596,-0.008832465104533982,9.808348638673047,0.0,0.0,-0.025940358419081037
24.1,synthetic_0,13.084632307002645,80.27075350025746,11.957064649869503,7.795738857118016,1.544812791071407,0.19336594611597313,-0.008587070026099295,9.809791990306277,0.0,0.0,-0.02596192932891289
24.150000000000002,synthetic_0,13.08463627447308,80.27075102682221,11.958398941276705,7.805423112117818,1.4704071701166166,0.193989122424707,-0.008320211744658978,9.815262876095504,0.0,0.0,-0.02598248610418165
24.200000000000003,synthetic_0,13.08464024384153,80.27074854102254,11.959837213665303,7.815137769360486,1.3959441115687152,0.19458198832772666,-0.008032557266939527,9.795145708117506,0.0,0.0,-0.02600202794188978
24.25,synthetic_0,13.084644215093448,80.2707460429323,11.961375872103362,7.824881310950591,1.3214265241314644,0.19514445119094503,-0.007724825579327704,9.810458162013655,0.0,0.0,-0.02602055407868866
24.3,synthetic_0,13.08464818821391,80.27074353262616,11.963011070746106,7.834652214479581,1.2468573186386371,0.19567642313068845,-0.007397785850778934,9.805395718136838,0.0,0.0,-0.02603806379090346
24.35,synthetic_0,13.084652163187625,80.2707410101796,11.964738722448521,7.84444895326366,1.1722394079403466,0.19617782102742787,-0.00705225551029561,9.821510602411657,0.0,0.0,-0.02605455639456144
24.400000000000002,synthetic_0,13.084656139998929,80.270738475669,11.9665545089811,7.854269996582324,1.0975757067892409,0.1966485665387463,-0.006689098203780216,9.799222477641846,0.0,0.0,-0.02607003124542328
24.450000000000003,synthetic_0,13.084660118631797,80.27073592917154,11.968453891823149,7.8641138099175345,1.0228691317266527,0.19708858611162228,-0.006309221635370375,9.795549793679536,0.0,0.0,-0.026084487739003563
24.5,synthetic_0,13.084664099069844,80.2707333707652,11.970432123506743,7.873978855193486,0.9481226009686763,0.1974978109938963,-0.005913575298651243,9.811652211367088,0.0,0.0,-0.026097925310599318
24.55,synthetic_0,13.084668081296334,80.27073080052891,11.97248425948292,7.883863591016924,0.8733390342921539,0.19787617724500883,-0.005503148103415938,9.798091878003115,0.0,0.0,-0.026110343435307073
24.6,synthetic_0,13.084672065294173,80.27072821854235,11.97460517048047,7.893766472917987,0.7985213529206552,0.19822362574600128,-0.005078965903906221,9.79370702310145,0.0,0.0,-0.02612174162804357
24.650000000000002,synthetic_0,13.084676051045927,80.2707256248861,11.976789555326445,7.903685953591524,0.723672479410345,0.19854010220876184,-0.004642088934711048,9.815750717566791,0.0,0.0,-0.026132119443569267
24.700000000000003,synthetic_0,13.084680038533818,80.27072301964161,11.979031954196339,7.913620483138863,0.6487953375358275,0.19882555718448103,-0.004193609160732282,9.810953863736366,0.0,0.0,-0.02614147647650113
24.75,synthetic_0,13.084684027739733,80.27072040289113,11.981326762260794,7.923568509309972,0.5738928521759413,0.19907994607139656,-0.0037346475478411472,9.77553577524096,0.0,0.0,-0.026149812361333114
24.8,synthetic_0,13.08468801864523,80.27071777471782,11.983668243694764,7.933528477746003,0.4989679491994859,0.19930322912177445,-0.0032663512610472223,9.797440151142874,0.0,0.0,-0.026157126772445763
24.85,synthetic_0,13.084692011231528,80.27071513520568,11.986050546014082,7.94349883222215,0.4240235553509618,0.19949537144808183,-0.002789890797183532,9.795569630132675,0.0,0.0,-0.026163419424118997
24.900000000000002,synthetic_0,13.084696005479538,80.27071248443957,11.98846771470363,7.953478014890811,0.34906259813622414,0.19965634302845814,-0.002306457059273922,9.813093473296263,0.0,0.0,-0.02616869007054783
24.950000000000003,synthetic_0,13.084700001369848,80.27070982250524,11.990913708100521,7.963464466524996,0.2740880057081323,0.19978611871144025,-0.001817258379895744,9.821375629340858,0.0,0.0,-0.026172938505847364
25.0,synthetic_0,13.08470399888273,80.2707071494893,11.99338241249511,7.973456626761955,0.19910270675217487,0.1998846782198438,-0.0013235175009777304,9.827231152931068,0.0,0.0,-0.026176164564065494
25.05,synthetic_0,13.084707997998157,80.27070446547918,11.995867657412091,7.98345293434698,0.12410963037204677,0.19995200615394282,-0.0008264685175818273,9.813711260422519,0.0,0.0,-0.026178368119184742
25.1,synthetic_0,13.084711998695793,80.27070177056329,11.998363231033458,7.993451827377349,0.049111705975263625,0.1999880919938768,-0.00032735379330845317,9.795689882324565,0.0,0.0,-0.02617954908512714
25.150000000000002,synthetic_0,13.08471600095501,80.27069906483081,12.000862895724827,8.003451743546368,-0.02588813684128932,0.19999293010132035,0.00017257914496563218,9.795337277363652,0.0,0.0,-0.026179707415762317
25.200000000000003,synthetic_0,13.08472000475489,80.27069634837187,12.003360403626274,8.013451120387481,-0.10088696840578876,0.19996651972030932,0.0006720807252547848,9.797122643140762,0.0,0.0,-0.02617884310490454
25.25,synthetic_0,13.084724010074227,80.27069362127743,12.005849512268718,8.023448395518399,-0.17588185908590792,0.19990886497740945,0.0011699024537436405,9.811544059390638,0.0,0.0,-0.026176956186317712
25.3,synthetic_0,13.084728016891534,80.27069088363938,12.008324000176858,8.033442006885222,-0.2508698794032764,0.1998199748810947,0.0016648000353715925,9.819304211894151,0.0,0.0,-0.02617404673370936
25.35,synthetic_0,13.084732025185053,80.27068813555046,12.010777682419612,8.043430393006508,-0.32584810014788035,0.19969986332023737,0.0021555364839222135,9.787472439587145,0.0,0.0,-0.026170114860727737
25.400000000000002,synthetic_0,13.084736034932755,80.27068537710429,12.013204426069224,8.053411993217246,-0.4008135924925059,0.19954854906201192,0.0026408852138447288,9.812742449115833,0.0,0.0,-0.026165160720962092
25.450000000000003,synthetic_0,13.08474004611235,80.2706826083954,12.015598165530395,8.06338524791271,-0.4757634281071409,0.19936605574896404,0.003119633106079064,9.815928559601625,0.0,0.0,-0.026159184507931883
25.5,synthetic_0,13.084744058701288,80.27067982951922,12.017952917701109,8.073348598792142,-0.5506946792733564,0.19915241189533361,0.003590583540221683,9.809809694743514,0.0,0.0,-0.02615218645508408
25.55,synthetic_0,13.084748072676772,80.27067704057204,12.020262796927268,8.083300489102243,-0.6256044189986925,0.19890765088252493,0.0040525593854535405,9.839012323840578,0.0,0.0,-0.026144166835779265
25.6,synthetic_0,13.084752088015756,80.27067424165107,12.02252202971377,8.093239363880395,-0.7004897211309611,0.19863181095393756,0.004504405942753893,9.81200248853384,0.0,0.0,-0.026135125963280843
25.650000000000002,synthetic_0,13.084756104694959,80.27067143285436,12.024724969155233,8.103163670197636,-0.7753476604725698,0.19832493520899774,0.004944993831046627,9.806974918331965,0.0,0.0,-0.02612506419074772
25.700000000000003,synthetic_0,13.084760122690863,80.27066861428092,12.026866109050324,8.113071857401295,-0.8501753128947815,0.19798707159640827,0.005373221810064748,9.812755215431045,0.0,0.0,-0.026113981911215743
25.75,synthetic_0,13.084764141979726,80.27066578603063,12.028940097664387,8.122962377357277,-0.9249697554519334,0.19761827290670553,0.005788019532877502,9.801208232408456,0.0,0.0,-0.026101879557586822
25.8,synthetic_0,13.08476816253758,80.27066294820426,12.030941751106003,8.132833684691965,-0.9997280664956341,0.1972185967639284,0.006188350221200393,9.795657350464824,0.0,0.0,-0.02608875760260764
25.85,synthetic_0,13.08477218434025,80.2706601009035,12.032866066284004,8.14268423703367,-1.0744473257888592,0.19678810561662985,0.0065732132568007764,9.810871803392846,0.0,0.0,-0.026074616558851016
25.900000000000002,synthetic_0,13.084776207363351,80.27065724423092,12.034708233412612,8.152512495253628,-1.1491246146200433,0.19632686672819588,0.006941646682522446,9.81818625778861,0.0,0.0,-0.026059456978700553
25.950000000000003,synthetic_0,13.08478023158229,80.27065437828998,12.036463648033388,8.16231692370649,-1.2237570159170874,0.19583495216624058,0.007292729606677515,9.8043006259975,0.0,0.0,-0.02604327945432465
26.0,synthetic_0,13.084784256972286,80.27065150318508,12.03812792252398,8.172095990470252,-1.2983416143613005,0.19531243879145066,0.007625584504796027,9.815907199380199,0.0,0.0,-0.026026084617657534
26.05,synthetic_0,13.084788283508365,80.27064861902147,12.039696897064902,8.181848167585635,-1.3728754965013004,0.19475940824547067,0.007939379412980212,9.802892262943745,0.0,0.0,-0.026007873140370362
26.1,synthetic_0,13.084792311165373,80.27064572590535,12.041166650036905,8.1915719312948,-1.4473557508667882,0.1941759469381843,0.008233330007380815,9.822963911586008,0.0,0.0,-0.025988645733844816
26.150000000000002,synthetic_0,13.084796339917979,80.2706428239438,12.042533507822991,8.201265762279453,-1.5217794680822982,0.1935621460342496,0.008506701564598344,9.808797896349672,0.0,0.0,-0.025968403149149825
26.200000000000003,synthetic_0,13.084800369740682,80.2706399132448,12.043794053990544,8.210928145898224,-1.5961437409808403,0.19291810143876376,0.008758810798108911,9.81199313864577,0.0,0.0,-0.02594714617700805
26.25,synthetic_0,13.08480440060782,80.27063699391725,12.044945137830624,8.22055757242333,-1.6704456647174553,0.19224391378243055,0.008989027566124672,9.814311656244751,0.0,0.0,-0.02592487564776893
26.3,synthetic_0,13.084808432493576,80.27063406607094,12.0459838822331,8.230152537276467,-1.744682336882705,0.19153968840571522,0.0091967764466202,9.793129219420852,0.0,0.0,-0.025901592431372238
26.35,synthetic_0,13.084812465371982,80.27063112981655,12.046907690877939,8.239711541263901,-1.818850857616018,0.1908055353423599,0.009381538175587758,9.804828725700185,0.0,0.0,-0.02587729743731393
26.400000000000002,synthetic_0,13.084816499216927,80.27062818526569,12.047714254724635,8.249233090810703,-1.8929483297189837,0.19004156930227722,0.00954285094492698,9.825055274088472,0.0,0.0,-0.025851991614614864
26.450000000000003,synthetic_0,13.084820534002167,80.27062523253085,12.048401557783622,8.258715698194129,-1.9669718587685203,0.1892479096536448,0.009680311556724585,9.807014925701395,0.0,0.0,-0.025825675951779634
26.5,synthetic_0,13.084824569701329,80.27062227172546,12.048967882155196,8.268157881776068,-2.0409185532299317,0.1884246804041645,0.009793576431039171,9.8206760675266,0.0,0.0,-0.02579835147676242
26.55,synthetic_0,13.084828606287918,80.27061930296378,12.049411812323362,8.277558166234545,-2.1147855245698786,0.18757201018171799,0.009882362464672176,9.815490908395986,0.0,0.0,-0.025770019256922058
26.6,synthetic_0,13.084832643735322,80.27061632636106,12.049732238693892,8.28691508279424,-2.1885698873691806,0.18669003221429392,0.009946447738778381,9.788372709653007,0.0,0.0,-0.02574068039898028
26.650000000000002,synthetic_0,13.084836682016823,80.2706133420334,12.049928360367737,8.296227169455975,-2.262268759435548,0.18577888430915124,0.009985672073547487,9.813723706710762,0.0,0.0,-0.02571033604898354
26.700000000000003,synthetic_0,13.084840721105603,80.27061035009778,12.04999968714285,8.305492971225155,-2.335879261916162,0.18483870883128972,0.009999937428570208,9.795767119535142,0.0,0.0,-0.02567898739225312
26.75,synthetic_0,13.08484476097475,80.27060735067214,12.04994604073944,8.314711040339104,-2.4093985194101237,0.18386965268124555,0.009989208147888241,9.809262309610503,0.0,0.0,-0.02564663565334399
26.8,synthetic_0,13.084848801597264,80.27060434387526,12.049767555245579,8.32387993649328,-2.4828236600807974,0.18287186727205196,0.009953511049115592,9.802493986501075,0.0,0.0,-0.02561328209599166
26.85,synthetic_0,13.084852842946065,80.27060132982686,12.049464676782042,8.332998227066309,-2.5561518157679552,0.18184550850563141,0.009892935356408498,9.8068676174638,0.0,0.0,-0.025578928023063316
26.900000000000002,synthetic_0,13.084856884994,80.27059830864752,12.049038162387257,8.342064487343842,-2.629380122099841,0.18079073674847734,0.009807632477451521,9.805941218079942,0.0,0.0,-0.025543574776511827
26.950000000000003,synthetic_0,13.084860927713853,80.27059528045874,12.048489078125085,8.351077300741157,-2.7025057186050505,0.17970771680651865,0.00969781562501717,9.809076680219276,0.0,0.0,-0.025507223737317522
27.0,synthetic_0,13.084864971078346,80.27059224538287,12.047818796420225,8.360035259024494,-2.7755257488242617,0.1785966178994336,0.00956375928404503,9.802166867369039,0.0,0.0,-0.025469876325440385
27.05,synthetic_0,13.084869015060155,80.27058920354322,12.047028992627862,8.3689369625311,-2.8484373604218414,0.17745761363416435,0.00940579852557232,9.793140260325531,0.0,0.0,-0.02543153399975892
27.1,synthetic_0,13.084873059631905,80.27058615506395,12.046121640846154,8.37778102038791,-2.921237705297226,0.17629088197779197,0.009224328169230857,9.796550455460133,0.0,0.0,-0.025392198258013393
27.150000000000002,synthetic_0,13.084877104766186,80.27058310007008,12.045099008982017,8.386566050728879,-2.9939239396962023,0.175096605229772,0.009019801796403562,9.815812399244242,0.0,0.0,-0.02535187063675219
27.200000000000003,synthetic_0,13.08488115043556,80.27058003868756,12.043963653082535,8.395290680910888,-3.06649322432198,0.17387496999340613,0.008792730616507226,9.823894937327895,0.0,0.0,-0.025310552711267018
27.25,synthetic_0,13.084885196612568,80.2705769710432,12.042718410946176,8.40395354772822,-3.1389427244461023,0.17262616714672774,0.008543682189235223,9.808975717666316,0.0,0.0,-0.025268246095535782
27.3,synthetic_0,13.084889243269727,80.27057389726468,12.041366395029769,8.41255329762556,-3.211269610019192,0.1713503918126591,0.008273279005953786,9.815072973762806,0.0,0.0,-0.025224952442155432
27.35,synthetic_0,13.084893290379554,80.27057081748057,12.039910984668989,8.421088586909486,-3.283471055781475,0.17004784332849354,0.00798219693379788,9.816418538513298,0.0,0.0,-0.025180673442277007
27.400000000000002,synthetic_0,13.084897337914562,80.27056773182034,12.038355817631777,8.42955808195841,-3.3555442413731553,0.16871872521473819,0.007671163526355278,9.792991763182348,0.0,0.0,-0.02513541082554388
27.450000000000003,synthetic_0,13.084901385847267,80.27056464041428,12.036704781025808,8.43796045943096,-3.4274863514445855,0.1673632451434237,0.007340956205161524,9.787923486726116,0.0,0.0,-0.025089166360020773
27.5,synthetic_0,13.084905434150201,80.27056154339357,12.034962001582755,8.446294406472752,-3.4992945757662346,0.16598161490557928,0.0069924003165509774,9.806137435958759,0.0,0.0,-0.025041941852127977
27.55,synthetic_0,13.084909482795915,80.27055844089027,12.033131835343603,8.454558620921517,-3.570966109338481,0.1645740503780857,0.006626367068720718,9.787726885353223,0.0,0.0,-0.02499373914656655
27.6,synthetic_0,13.084913531756989,80.27055533303728,12.031218856770819,8.46275181151056,-3.642498152501152,0.16314077149003126,0.006243771354163914,9.803925146565167,0.0,0.0,-0.02494456012624692
27.650000000000002,synthetic_0,13.084917581006033,80.27055221996838,12.029227847314575,8.47087269807052,-3.713887911042908,0.16168200218835693,0.0058455694629149626,9.791867762573215,0.0,0.0,-0.024894406712219486
27.700000000000003,synthetic_0,13.084921630515703,80.2705491018182,12.027163783461612,8.478920011729397,-3.7851325963103837,0.1601979704027734,0.005432756692322449,9.800409633717347,0.0,0.0,-0.024843280863594275
27.75,synthetic_0,13.084925680258701,80.2705459787222,12.02503182429662,8.486892495110798,-3.856229425317115,0.15868890801023383,0.005006364859324151,9.799138131330142,0.0,0.0,-0.024791184577470093
27.8,synthetic_0,13.084929730207785,80.2705428508167,12.02283729860721,8.49478890253042,-3.9271756208522692,0.15715505079867853,0.004567459721441928,9.811849974507602,0.0,0.0,-0.024738119888851606
27.85,synthetic_0,13.084933780335776,80.27053971823887,12.020585691564715,8.502608000190666,-3.997968411589099,0.1555966384301577,0.004117138312943141,9.800177564986406,0.0,0.0,-0.024684088870569748
27.900000000000002,synthetic_0,13.084937830615564,80.27053658112672,12.01828263101413,8.510348566373436,-4.068605032193219,0.1540139144034569,0.00365652620282618,9.795172467666745,0.0,0.0,-0.024629093633205118
27.950000000000003,synthetic_0,13.084941881020118,80.27053343961909,12.015933873407421,8.518009391631011,-4.139082723430617,0.15240712601595874,0.003186774681484188,9.807138050483879,0.0,0.0,-0.024573136325001382
28.0,synthetic_0,13.084945931522487,80.27053029385564,12.013545289415394,8.525589278975032,-4.209398732275438,0.1507765243250958,0.0027090578830786904,9.836321839708958,0.0,0.0,-0.024516219131785616
28.05,synthetic_0,13.084949982095814,80.27052714397689,12.011122849254077,8.533087044063521,-4.279550312017537,0.14912236410905777,0.002224569850815534,9.811577751397849,0.0,0.0,-0.02445834427687782
28.1,synthetic_0,13.08495403271334,80.27052399012413,12.008672607762295,8.540501515385937,-4.349534722369743,0.1474449038270187,0.0017345215524589212,9.787200737601324,0.0,0.0,-0.024399514021006125
28.150000000000002,synthetic_0,13.084958083348404,80.2705208324395,12.006200689267713,8.547831534446223,-4.419349229574929,0.1457444055787427,0.0012401378535425232,9.80756313932895,0.0,0.0,-0.024339730662220754
28.200000000000003,synthetic_0,13.084962133974466,80.27051767106596,12.003713272279217,8.555075955943812,-4.488991106512784,0.1440211350635856,0.0007426544558435778,9.832360972550234,0.0,0.0,-0.024278996535800068
28.25,synthetic_0,13.084966184565097,80.27051450614724,12.00121657404386,8.562233647952581,-4.558457632806339,0.14227536153910592,0.00024331480877202272,9.808341417956473,0.0,0.0,-0.024217314014165492
28.3,synthetic_0,13.084970235093996,80.27051133782791,11.998716835006972,8.569303492097722,-4.627746094928255,0.14050735777885848,-0.0002566329986055949,9.819456658976485,0.0,0.0,-0.024154685506782708
28.35,synthetic_0,13.084974285534996,80.27050816625331,11.996220303214306,8.576284383730467,-4.696853786306785,0.1387174000297975,-0.0007559393571385806,9.817751142656999,0.0,0.0,-0.024091113460067426
28.400000000000002,synthetic_0,13.08497833586206,80.27050499156957,11.993733218695178,8.583175232100702,-4.765778007431522,0.13690576796919984,-0.0012533562609643265,9.81853374791981,0.0,0.0,-0.024026600357296146
28.450000000000003,synthetic_0,13.084982386049306,80.2705018139236,11.991261797865635,8.589974960527387,-4.8345160659588435,0.13507274466087793,-0.001747640426872984,9.817157947479496,0.0,0.0,-0.02396114871850291
28.5,synthetic_0,13.084986436070999,80.27049863346313,11.98881221799066,8.59668250656679,-4.903065276817074,0.13321861651103717,-0.002237556401867964,9.80947649634633,0.0,0.0,-0.023894761100385353
28.55,synthetic_0,13.084990485901564,80.27049545033661,11.986390601744224,8.603296822178491,-4.971422962311389,0.13134367322338747,-0.002721879651155157,9.80480683600826,0.0,0.0,-0.02382744009620144
28.6,synthetic_0,13.084994535515587,80.27049226469329,11.98400300190579,8.609816873889129,-5.039586452228387,0.129448207754006,-0.003199399618841981,9.80386450810752,0.0,0.0,-0.023759188335667758
28.650000000000002,synthetic_0,13.084998584887831,80.27048907668313,11.981655386231516,8.616241642953891,-5.107553083940411,0.12753251626554274,-0.003668922753696812,9.807852713924078,0.0,0.0,-0.02369000848486097
28.700000000000003,synthetic_0,13.085002633993232,80.27048588645691,11.979353622537973,8.622570125515683,-5.1753202025095515,0.12559689808087526,-0.004129275492405434,9.810920341164561,0.0,0.0,-0.02361990324610902
28.75,synthetic_0,13.085006682806917,80.2704826941661,11.97710346403566,8.628801332761979,-5.242885160791351,0.12364165563639062,-0.004579307192868114,9.793893275051827,0.0,0.0,-0.023548875357891075
28.8,synthetic_0,13.085010731304193,80.27047949996296,11.974910534948972,8.634934291079322,-5.31024531953823,0.12166709443476975,-0.0050178930102057415,9.803845421216543,0.0,0.0,-0.023476927594724695
28.85,synthetic_0,13.085014779460574,80.27047630400044,11.97278031645857,8.640968042205456,-5.377398047502545,0.1196735229971857,-0.005443936708286016,9.806244380425168,0.0,0.0,-0.023404062767058142
28.900000000000002,synthetic_0,13.08501882725177,80.27047310643222,11.970718133001284,8.64690164337904,-5.4443407215394,0.11766125281509332,-0.005856373399743005,9.807728591546706,0.0,0.0,-0.023330283721166023
28.950000000000003,synthetic_0,13.085022874653703,80.27046990741272,11.968729138961795,8.652734167486965,-5.511070726709104,0.1156305983016459,-0.006254172207640943,9.803553141184878,0.0,0.0,-0.023255593339031877
29.0,synthetic_0,13.08502692164251,80.27046670709704,11.966818305789351,8.658464703209205,-5.577585456379308,0.1135818767424368,-0.006636338842129675,9.814714023906623,0.0,0.0,-0.02317999453824049
29.05,synthetic_0,13.085030968194552,80.27046350564102,11.964990409571742,8.664092355161209,-5.643882312326852,0.1115154082460812,-0.007001918085651568,9.805610095791216,0.0,0.0,-0.023103490271861038
29.1,synthetic_0,13.085035014286408,80.27046030320116,11.963250019097561,8.669616244033813,-5.709958704839227,0.10943151569408727,-0.007349996180487777,9.802895609992117,0.0,0.0,-0.023026083528330105
29.150000000000002,synthetic_0,13.085039059894902,80.27045709993467,11.961601484436617,8.675035506730618,-5.775812052815754,0.10733052469038995,-0.0076797031126767815,9.794281390603238,0.0,0.0,-0.022947777331338848
29.200000000000003,synthetic_0,13.085043104997087,80.27045389599945,11.960048926067019,8.680349296502852,-5.841439783868397,0.10521276351056486,-0.007990214786596159,9.798876008550964,0.0,0.0,-0.022868574739712683
29.25,synthetic_0,13.085047149570265,80.27045069155402,11.958596224576137,8.685556783081674,-5.906839334422256,0.10307856305049157,-0.008280755084772445,9.80894612416493,0.0,0.0,-0.022788478847294708
29.3,synthetic_0,13.085051193591989,80.27044748675762,11.957247010961147,8.690657152807901,-5.972008149815711,0.10092825677466166,-0.008550597807770703,9.807841757193899,0.0,0.0,-0.02270749278282011
29.35,synthetic_0,13.085055237040063,80.27044428177011,11.956004657553427,8.69564960875914,-6.0369436844001925,0.09876218066404263,-0.008799068489314789,9.786262939325537,0.0,0.0,-0.022625619709795153
29.400000000000002,synthetic_0,13.085059279892556,80.27044107675201,11.95487226958949,8.700533370874306,-6.101643401639638,0.09658067316363983,-0.00902554608210187,9.815893034310648,0.0,0.0,-0.02254286282637727
29.450000000000003,synthetic_0,13.085063322127805,80.27043787186447,11.953852677449515,8.705307676075504,-6.16610477420957,0.09438407512954328,-0.009229464510097232,9.799623914663657,0.0,0.0,-0.022459225365246138
29.5,synthetic_0,13.085067363724415,80.27043466726929,11.952948429582852,8.70997177838726,-6.230325284095815,0.09217272977572577,-0.009410314083429535,9.797630760471927,0.0,0.0,-0.022374710593481006
29.55,synthetic_0,13.08507140466127,80.27043146312884,11.95216178613825,8.714524949053077,-6.294302422692882,0.08994698262041467,-0.009567642772350116,9.817797107360184,0.0,0.0,-0.022289321812428986
29.6,synthetic_0,13.085075444917535,80.27042825960618,11.951494713314641,8.718966476649301,-6.358033690901921,0.08770718143205514,-0.009701057337071854,9.818283510564893,0.0,0.0,-0.022203062357576686
29.650000000000002,synthetic_0,13.085079484472667,80.27042505686488,11.950948878446681,8.723295667196282,-6.421516599228374,0.0854536761750424,-0.009810224310663907,9.79953590599273,0.0,0.0,-0.02211593559842448
29.700000000000003,synthetic_0,13.085083523306407,80.27042185506916,11.950525645837272,8.727511844266806,-6.484748667879208,0.08318681895499225,-0.009894870832545356,9.803093821272531,0.0,0.0,-0.02202794493834967
29.75,synthetic_0,13.085087561398803,80.27041865438382,11.950226073347528,8.731614349091782,-6.547727426859774,0.08090696396370944,-0.00995478533049455,9.794409475405656,0.0,0.0,-0.021939093814477423
29.8,synthetic_0,13.085091598730196,80.2704154549742,11.950050909752653,8.735602540663177,-6.61045041607032,0.07861446742390754,-0.009989818049469494,9.81479226893166,0.0,0.0,-0.021849385697543522
29.85,synthetic_0,13.085095635281242,80.27041225700624,11.950000592870413,8.739475795834172,-6.672915185402049,0.07630968753352008,-0.00999988142591743,9.81569677616649,0.0,0.0,-0.021758824091757945
29.900000000000002,synthetic_0,13.0850996710329,80.27040906064643,11.95007524846681,8.743233509416529,-6.735119294832851,0.0739929844097098,-0.009984950306638145,9.802261872254068,0.0,0.0,-0.02166741253467358
29.950000000000003,synthetic_0,13.085103705966455,80.27040586606175,11.95027468994173,8.746875094275143,-6.797060314522614,0.07283169717229754,-0.00994506201165386,9.820566844772303,0.0,0.0,-0.021621494712580347
0.0,synthetic_1,13.09270423094025,80.28070097678192,12.0,8.673176787846318,12.673020107703806,0.10700582208581721,0.0,9.81583583047812,0.0,0.0,0.02408130433818545
0.05,synthetic_1,13.092708462192558,80.28070196462878,12.002498958463534,8.678527078950609,12.742007962891211,0.1059456373295653,0.0004997916927067833,9.80541289780111,0.0,0.0,0.024048974891820174
0.1,synthetic_1,13.092712693694034,80.28070296349178,12.004991670832341,8.683771351579274,12.810810583995544,0.10381707374776283,0.0009983341664682815,9.813865848042376,0.0,0.0,0.023983846925509367
0.15000000000000002,synthetic_1,13.092716925381819,80.28070397332091,12.00747190662368,8.688908786325385,12.879425283423162,0.10167228895939573,0.0014943813247359926,9.790103277457485,0.0,0.0,0.023917782093227924
0.2,synthetic_1,13.092721157193093,80.280704994065,12.009933466539753,8.693938580475214,12.947849380921097,0.09951161808272602,0.0019866933079506124,9.804022049706294,0.0,0.0,0.02385078297562543
0.25,synthetic_1,13.092725389065102,80.28070602567165,12.012370197962726,8.698859948133657,13.016080203681742,0.09733539871817243,0.0024740395925452294,9.809166565840073,0.0,0.0,0.023782852189844772
0.30000000000000004,synthetic_1,13.092729620935156,80.28070706808724,12.014776010333067,8.703672120347031,13.084115086447255,0.09514397089560589,0.002955202066613396,9.806545768059637,0.0,0.0,0.023713992389425287
0.35000000000000003,synthetic_1,13.092733852740647,80.28070812125704,12.017144890372773,8.708374345223218,13.151951371613684,0.0929376770211654,0.003428978074554514,9.827149488966663,0.0,0.0,0.023644206264193668
0.4,synthetic_1,13.092738084419066,80.28070918512506,12.019470917115433,8.712965888049148,13.219586409334763,0.09071686182377192,0.0038941834230865053,9.809755329071994,0.0,0.0,0.023573496540160443
0.45,synthetic_1,13.092742315908012,80.28071025963419,12.021748276705562,8.717446031405595,13.287017557625429,0.08848187230128701,0.0043496553411123025,9.810314609805301,0.0,0.0,0.023501865979417003
0.5,synthetic_1,13.092746547145206,80.28071134472616,12.02397127693021,8.721814075279276,13.35424218246503,0.08623305766626288,0.00479425538604203,9.793370074869433,0.0,0.0,0.023429317380022074
0.55,synthetic_1,13.092750778068497,80.28071244034147,12.026134361446532,8.726069337172222,13.421257657900206,0.08397076929140823,0.005226872289306592,9.804775124651144,0.0,0.0,0.023355853575895702
0.6000000000000001,synthetic_1,13.092755008615889,80.28071354641953,12.028232123669751,8.730211152208417,13.488061366147466,0.08169536065469885,0.005646424733950355,9.79881478046846,0.0,0.0,0.023281477436709053
0.65,synthetic_1,13.09275923872554,80.28071466289859,12.030259320286802,8.734238873237691,13.554650697695454,0.07940718728409735,0.006051864057360396,9.830137660478199,0.0,0.0,0.023206191867770343
0.7000000000000001,synthetic_1,13.092763468335779,80.28071578971571,12.032210884361884,8.738151870936827,13.621023051406873,0.0771066067020243,0.006442176872376911,9.802493710928486,0.0,0.0,0.023129999809912705
0.75,synthetic_1,13.092767697385122,80.28071692680687,12.034081938001167,8.741949533907894,13.687175834620094,0.07479397836954504,0.0068163876002333415,9.807840576524562,0.0,0.0,0.023052904239378724
0.8,synthetic_1,13.09277192581228,80.28071807410689,12.035867804544976,8.745631268773781,13.753106463250436,0.07246966363011254,0.007173560908995228,9.818808081091461,0.0,0.0,0.022974908167704144
0.8500000000000001,synthetic_1,13.092776153556168,80.28071923154947,12.037564020257015,8.749196500270905,13.818812361891103,0.07013402565316795,0.007512804051402928,9.81321665600191,0.0,0.0,0.022896014641600737
0.9,synthetic_1,13.092780380555926,80.28072039906719,12.039166345481375,8.752644671339098,13.884290963913783,0.0677874293774039,0.007833269096274834,9.792536894449714,0.0,0.0,0.022816226742836676
0.9500000000000001,synthetic_1,13.092784606750929,80.28072157659155,12.04067077523947,8.755975243208646,13.949539711568908,0.0654302414537078,0.008134155047893738,9.81303520784105,0.0,0.0,0.022735547588116634
1.0,synthetic_1,13.092788832080789,80.2807227640529,12.042073549240396,8.759187695484469,14.014556056085574,0.06306283018790992,0.008414709848078966,9.813753125798051,0.0,0.0,0.02265398032896021
1.05,synthetic_1,13.092793056485384,80.28072396138053,12.043371161279701,8.762281526227437,14.07933745777109,0.060685565483193926,0.00867423225594017,9.804833525669357,0.0,0.0,0.022571528151577314
1.1,synthetic_1,13.09279727990485,80.28072516850266,12.044560368003072,8.765256252032788,14.143881386110186,0.05829881878234744,0.008912073600614355,9.811292953684587,0.0,0.0,0.022488194276746587
1.1500000000000001,synthetic_1,13.092801502279611,80.28072638534638,12.045638197013027,8.768111408105671,14.208185319863873,0.05590296300965747,0.009127639402605211,9.807697310408898,0.0,0.0,0.02240398195968607
1.2000000000000002,synthetic_1,13.09280572355038,80.28072761183778,12.046601954298362,8.770846548333754,14.27224674716791,0.053498372512734704,0.009320390859672264,9.79279621666306,0.0,0.0,0.022318894489928853
1.25,synthetic_1,13.092809943658175,80.28072884790181,12.047449230967779,8.773461245356945,14.336063165630945,0.05108542300394703,0.009489846193555862,9.801015012936519,0.0,0.0,0.022232935191194292
1.3,synthetic_1,13.092814162544324,80.28073009346244,12.04817790927086,8.775955090634149,14.399632082432241,0.048664491501746454,0.00963558185417193,9.806857161779606,0.0,0.0,0.02214610742125589
1.35,synthetic_1,13.092818380150485,80.28073134844256,12.048786167891333,8.77832769450712,14.462951014419074,0.046235956271782896,0.009757233578266591,9.800785588766093,0.0,0.0,0.02205841457181168
1.4000000000000001,synthetic_1,13.092822596418653,80.28073261276404,12.049272486499422,8.780578686261327,14.526017488203712,0.043800196767698196,0.009854497299884604,9.81204045548497,0.0,0.0,0.021969860068353775
1.4500000000000002,synthetic_1,13.092826811291172,80.2807338863477,12.04963564955188,8.78270771418389,14.588829040260041,0.04135759357197344,0.009927129910375886,9.81666969185072,0.0,0.0,0.021880447370030143
1.5,synthetic_1,13.092831024710744,80.2807351691134,12.049874749330202,8.784714445618524,14.651383217019795,0.038908528336403236,0.009974949866040545,9.809384199269708,0.0,0.0,0.021790179969513046
1.55,synthetic_1,13.092835236620443,80.28073646097992,12.049989188209468,8.78659856701753,14.713677574968402,0.0364533837224279,0.00999783764189357,9.802923218581956,0.0,0.0,0.02169906139286304
1.6,synthetic_1,13.092839446963723,80.28073776186513,12.049978680152075,8.788359783990767,14.775709680740427,0.03399254334143009,0.00999573603041505,9.820278416565644,0.0,0.0,0.021607095199385196
1.6500000000000001,synthetic_1,13.092843655684428,80.2807390716858,12.049843251422695,8.789997821351673,14.837477111214618,0.031526391694693956,0.00996865028453919,9.808025267325673,0.0,0.0,0.021514284981498655
1.7000000000000002,synthetic_1,13.092847862726812,80.28074039035783,12.049583240522624,8.791512423160237,14.898977453608584,0.02905531411336426,0.009916648104524686,9.810185240462577,0.0,0.0,0.021420634364591185
1.75,synthetic_1,13.092852068035533,80.28074171779613,12.049199297343696,8.792903352763009,14.960208305573014,0.026579696698334487,0.00983985946873937,9.799015548996662,0.0,0.0,0.021326147006877072
1.8,synthetic_1,13.09285627155568,80.28074305391459,12.04869238154391,8.79417039283007,15.021167275285546,0.0240999262597974,0.009738476308781953,9.804473519257831,0.0,0.0,0.021230826599258346
1.85,synthetic_1,13.092860473232772,80.28074439862624,12.048063760148764,8.795313345388989,15.081851981544174,0.021616390256777862,0.009612752029752999,9.816631031185839,0.0,0.0,0.021134676865174895
1.9000000000000001,synthetic_1,13.09286467301277,80.28074575184311,12.047315004384371,8.796332031855748,15.142260053860273,0.019129476736772233,0.009463000876874145,9.814087283412036,0.0,0.0,0.021037701560462918
1.9500000000000002,synthetic_1,13.092868870842093,80.28074711347634,12.046447985750193,8.797226293062666,15.202389132551206,0.016639574274961433,0.009289597150038692,9.804779309745381,0.0,0.0,0.020939904473208926
2.0,synthetic_1,13.092873066667622,80.28074848343616,12.045464871341284,8.797995989283244,15.262236868832474,0.014147071913495068,0.009092974268256818,9.806732441543682,0.0,0.0,0.020841289423599862
2.0500000000000003,synthetic_1,13.09287726043671,80.28074986163185,12.044368118431668,8.798641000254015,15.321800924909496,0.011652359100828846,0.008873623686333753,9.808639747463182,0.0,0.0,0.020741860263773226
2.1,synthetic_1,13.092881452097195,80.28075124797185,12.043160468332443,8.799161225193327,15.381078974068904,0.009155825630760006,0.008632093666488738,9.797238129244962,0.0,0.0,0.020641620877666078
2.15,synthetic_1,13.092885641597409,80.28075264236371,12.041844939539924,8.799556582817091,15.440068700769435,0.006657861581587099,0.008368987907984977,9.804796762014433,0.0,0.0,0.020540575180868492
2.2,synthetic_1,13.09288982888618,80.28075404471409,12.04042482019098,8.799827011351486,15.498767800732399,0.004158857255074366,0.008084964038195901,9.801534362666128,0.0,0.0,0.02043872712046535
2.25,synthetic_1,13.092894013912852,80.2807554549288,12.038903659844395,8.799972468542599,15.55717398103166,0.0016592031155759912,0.007780731968879212,9.79279234071107,0.0,0.0,0.020336080674882573
2.3000000000000003,synthetic_1,13.092898196627289,80.28075687291282,12.037285260608837,8.799992931663043,15.615284960183232,-0.00084071027103505,0.0074570521217672,9.808171727470892,0.0,0.0,0.020232639853735024
2.35,synthetic_1,13.092902376979882,80.28075829857026,12.035573667639543,8.799888397515495,15.673098468234379,-0.003340492298384845,0.007114733527908443,9.805212026493821,0.0,0.0,0.020128408697665523
2.4000000000000004,synthetic_1,13.092906554921562,80.28075973180447,12.033773159027557,8.799658882433205,15.730612246852294,-0.0058397523805986395,0.006754631805511506,9.792011939389345,0.0,0.0,0.020023391278189417
2.45,synthetic_1,13.092910730403803,80.2807611725179,12.031888235106726,8.799304422277435,15.787824049412313,-0.008338100013389749,0.006377647021345037,9.798699926450812,0.0,0.0,0.019917591697538595
2.5,synthetic_1,13.092914903378638,80.28076262061228,12.029923607205198,8.798825072431866,15.844731641085671,-0.010835144835024124,0.005984721441039565,9.805779104881355,0.0,0.0,0.019811014088495504
2.5500000000000003,synthetic_1,13.092919073798662,80.28076407598851,12.02788418586957,8.798220907793933,15.901332798926811,-0.013330496687302684,0.005576837173914166,9.777739468827205,0.0,0.0,0.01970366261423273
2.6,synthetic_1,13.09292324161704,80.28076553854675,12.025775068591074,8.797492022763135,15.957625311960197,-0.015823765676596935,0.005155013718214641,9.808490033795223,0.0,0.0,0.019595541468154787
2.6500000000000004,synthetic_1,13.092927406787519,80.28076700818634,12.023601527064494,8.796638531226273,16.013606981266697,-0.01831456223472472,0.004720305412898823,9.809317234800192,0.0,0.0,0.019486654873729914
2.7,synthetic_1,13.092931569264433,80.28076848480595,12.021368994011691,8.795660566539663,16.069275620069472,-0.020802497179737145,0.004273798802338298,9.813138983790367,0.0,0.0,0.019377007084326325
2.75,synthetic_1,13.09293572900271,80.28076996830343,12.019083049602617,8.7945582815083,16.124629053819397,-0.02328718177688316,0.0038166099205233167,9.800697219222927,0.0,0.0,0.019266602383048448
2.8000000000000003,synthetic_1,13.092939885957882,80.28077145857597,12.016749407507795,8.793331848361975,16.17966512028001,-0.025768227799272125,0.0033498815015590468,9.792422545841744,0.0,0.0,0.019155445082564837
2.85,synthetic_1,13.092944040086094,80.28077295552,12.014373900617127,8.791981458728372,16.234381669611956,-0.028245247588483124,0.002874780123425444,9.812932876139516,0.0,0.0,0.019043539524942754
2.9000000000000004,synthetic_1,13.092948191344105,80.2807744590313,12.0119624664607,8.790507323603126,16.288776564456988,-0.03071785411522754,0.00239249329213982,9.792900219291045,0.0,0.0,0.018930890081479412
2.95,synthetic_1,13.0929523396893,80.28077596900492,12.009521132368052,8.78890967331685,16.342847680021443,-0.03318566103976295,0.0019042264736102705,9.812059468925568,0.0,0.0,0.018817501152529892
3.0,synthetic_1,13.092956485079695,80.28077748533528,12.007056000402994,8.78718875749915,16.39659290415924,-0.035648282772289264,0.001411200080598672,9.799892955709993,0.0,0.0,0.018703377167335056
3.0500000000000003,synthetic_1,13.092960627473948,80.28077900791608,12.004573232111621,8.78534484503962,16.450010137454406,-0.038105334533131696,0.0009146464223243675,9.796528268842287,0.0,0.0,0.01858852258384669
3.1,synthetic_1,13.092964766831363,80.28078053664044,12.002079033121664,8.783378224045837,16.503097293303043,-0.04055643241297702,0.00041580662433290494,9.809593371327626,0.0,0.0,0.018472941888558747
3.1500000000000004,synthetic_1,13.092968903111892,80.28078207140078,11.999579637631642,8.781289201798323,16.55585229799489,-0.04300119343280784,-8.407247367149063e-05,9.817872444797251,0.0,0.0,0.018356639596327495
3.2,synthetic_1,13.092973036276147,80.28078361208898,11.997081292828621,8.779078104702556,16.608273090794274,-0.04543923560362373,-0.0005837414342758009,9.805080599634179,0.0,0.0,0.018239620250196098
3.25,synthetic_1,13.092977166285408,80.28078515859623,11.994590243273494,8.77674527823796,16.660357624020648,-0.047870177986322204,-0.0010819513453010838,9.804192606778415,0.0,0.0,0.018121888421217536
3.3000000000000003,synthetic_1,13.092981293101623,80.28078671081319,11.992112715292837,8.774291086903924,16.71210386312855,-0.0502936407511001,-0.0015774569414324865,9.789764844834135,0.0,0.0,0.018003448708277525
3.35,synthetic_1,13.092985416687418,80.28078826862989,11.98965490141633,8.77171591416285,16.763509786787104,-0.05270924523683718,-0.0020690197167339977,9.81496208077505,0.0,0.0,0.017884305737911332
3.4000000000000004,synthetic_1,13.0929895370061,80.28078983193583,11.987222944898658,8.76902016238024,16.81457338695894,-0.05511661401024881,-0.0025554110202683166,9.807378603594858,0.0,0.0,0.017764464164126137
3.45,synthetic_1,13.092993654021665,80.28079140061996,11.984822924364579,8.766204252761826,16.865292668978686,-0.05751537092484327,-0.0030354151270842933,9.803933157006863,0.0,0.0,0.017643928668218956
3.5,synthetic_1,13.092997767698805,80.28079297457067,11.98246083861552,8.763268625287756,16.915665651630825,-0.059905141179772414,-0.0035078322768961985,9.819733786867983,0.0,0.0,0.017522703958591235
3.5500000000000003,synthetic_1,13.093001878002907,80.2807945536758,11.980142591635701,8.760213738643849,16.965690367227133,-0.062285551378238324,-0.003971481672859602,9.790975714543935,0.0,0.0,0.01740079477056844
3.6,synthetic_1,13.093005984900065,80.28079613782276,11.977873977835257,8.757040070149932,17.015364861683512,-0.06465622958602424,-0.0044252044329485245,9.80160386507734,0.0,0.0,0.01727820586621187
3.6500000000000004,synthetic_1,13.093010088357083,80.28079772689837,11.975660667567215,8.753748115685246,17.064687194596345,-0.06701680538949262,-0.004867866486556998,9.806698501939701,0.0,0.0,0.01715494203413659
3.7,synthetic_1,13.093014188341476,80.28079932078901,11.973508192954576,8.750338389610983,17.113655439318272,-0.06936690995345884,-0.005298361409084934,9.80369452053674,0.0,0.0,0.017031008089319344
3.75,synthetic_1,13.09301828482148,80.28080091938062,11.971421934062883,8.7468114246899,17.162267683033463,-0.07170617607886953,-0.0057156131874234375,9.78228432170201,0.0,0.0,0.01690640887291428
3.8000000000000003,synthetic_1,13.09302237776605,80.28080252255862,11.969407105452865,8.743167772003096,17.210522026832326,-0.07403423826014333,-0.006118578909427193,9.810143359315372,0.0,0.0,0.016781149252061978
3.85,synthetic_1,13.093026467144878,80.28080413020801,11.96746874314674,8.739408000863886,17.25841658578569,-0.07635073274233406,-0.006506251370651674,9.806345000046052,0.0,0.0,0.016655234119701268
3.9000000000000004,synthetic_1,13.093030552928374,80.2808057422134,11.9656116920408,8.735532698728862,17.30594948901844,-0.0786552975778676,-0.0068776615918397415,9.81675765211734,0.0,0.0,0.016528668394374946
3.95,synthetic_1,13.093034635087694,80.28080735845894,11.963840593795675,8.7315424711061,17.353118879782585,-0.0809475726831721,-0.007231881240865121,9.827048666486428,0.0,0.0,0.016401457020041588
4.0,synthetic_1,13.09303871359473,80.28080897882839,11.962159875234603,8.727437941460545,17.3999229155298,-0.08322719989491745,-0.007568024953079283,9.804771063922082,0.0,0.0,0.016273604965879596
4.05,synthetic_1,13.093042788422117,80.28081060320513,11.96057373727869,8.723219751116607,17.446359767983388,-0.08549382302602382,-0.00788525254426195,9.810494726617824,0.0,0.0,0.0161451172260918
4.1000000000000005,synthetic_1,13.093046859543238,80.28081223147217,11.959086144446779,8.718888559157943,17.492427623209704,-0.08774708792120833,-0.008182771110644109,9.80918059921578,0.0,0.0,0.016015998819715604
4.15,synthetic_1,13.093050926932225,80.28081386351215,11.957700814946227,8.714445042324487,17.53812468168901,-0.08998664251242516,-0.008459837010754465,9.808347871044331,0.0,0.0,0.015886254790422605
4.2,synthetic_1,13.093054990563962,80.28081549920738,11.95642121137932,8.7098898949067,17.583449158385772,-0.09221213687384378,-0.008715757724135883,9.805266915364866,0.0,0.0,0.015755890206320955
4.25,synthetic_1,13.093059050414093,80.28081713843983,11.95525053208857,8.705223828637102,17.62839928281838,-0.09442322327645414,-0.008949893582285835,9.810515767370005,0.0,0.0,0.01562491015976164
4.3,synthetic_1,13.093063106459017,80.28081878109114,11.954191703162527,8.700447572579055,17.672973299128316,-0.09661955624254759,-0.00916165936749455,9.81793163735457,0.0,0.0,0.01549331976713697
4.3500000000000005,synthetic_1,13.093067158675899,80.2808204270427,11.953247371122078,8.695561873012847,17.717169466148736,-0.09880079259955821,-0.009350525775584494,9.798159352779498,0.0,0.0,0.015361124168679074
4.4,synthetic_1,13.093071207042664,80.28082207617554,11.952419896305525,8.690567493319099,17.760986057472486,-0.10096659153372656,-0.00951602073889516,9.825659285993789,0.0,0.0,0.01522832852826117
4.45,synthetic_1,13.093075251538009,80.28082372837046,11.951711346968969,8.685465213859475,17.804421361519537,-0.10311661464337263,-0.009657730606206389,9.811712973817627,0.0,0.0,0.015094938033195504
4.5,synthetic_1,13.093079292141397,80.280825383508,11.951123494116745,8.680255831854762,17.847473681603848,-0.10525052599177798,-0.00977530117665097,9.80967978524794,0.0,0.0,0.014960957894032956
4.55,synthetic_1,13.093083328833062,80.28082704146843,11.950657807074839,8.674940161260297,17.89014133599964,-0.10736799215964155,-0.009868438585032365,9.784158708073168,0.0,0.0,0.014826393344355426
4.6000000000000005,synthetic_1,13.093087361594012,80.28082870213181,11.950315449818326,8.669519032638798,17.93242265800709,-0.10946868229714468,-0.009936910036334646,9.806543736955224,0.0,0.0,0.014691249640573778
4.65,synthetic_1,13.093091390406034,80.280830365378,11.950097278062056,8.663993293030583,17.974315996017438,-0.11155226817576747,-0.009980544387588795,9.79689103282579,0.0,0.0,0.014555532061720222
4.7,synthetic_1,13.093095415251684,80.28083203108659,11.950003837121795,8.658363805821221,18.015819713577482,-0.11361842423944779,-0.009999232575641009,9.812393777793353,0.0,0.0,0.014419245909246259
4.75,synthetic_1,13.093099436114302,80.28083369913703,11.950035360551231,8.652631450606638,18.056932189453544,-0.11566682765549174,-0.00999292788975378,9.816205698241758,0.0,0.0,0.01428239650681229
4.800000000000001,synthetic_1,13.093103452978006,80.28083536940859,11.950191769558208,8.646797123055672,18.097651817694757,-0.11769715836503991,-0.009961646088358407,9.818148805161183,0.0,0.0,0.014144989200081115
4.8500000000000005,synthetic_1,13.093107465827696,80.28083704178037,11.950472673201665,8.640861734770134,18.137977007695824,-0.11970909913303629,-0.009905465359667132,9.804985968440892,0.0,0.0,0.01400702935650866
4.9,synthetic_1,13.09311147464905,80.28083871613133,11.950877369368783,8.634826213142368,18.177906184259136,-0.12170233559782417,-0.009824526126243325,9.805904039769313,0.0,0.0,0.013868522365132474
4.95,synthetic_1,13.09311547942853,80.28084039234027,11.95140484652991,8.628691501210351,18.217437787656312,-0.12367655632031571,-0.009719030694018208,9.811021219827378,0.0,0.0,0.01372947363636523
5.0,synthetic_1,13.093119480153385,80.2808420702859,11.952053786266843,8.622458557510337,18.25657027368912,-0.1256314528325042,-0.009589242746631385,9.785669332611418,0.0,0.0,0.013589888601779343
5.050000000000001,synthetic_1,13.093123476811643,80.2808437498468,11.952822566568205,8.616128355927101,18.295302113749802,-0.1275667196857455,-0.009435486686359063,9.8023123776739,0.0,0.0,0.013449772713898245
5.1000000000000005,synthetic_1,13.093127469392119,80.28084543090146,11.953709265883614,8.609701885541762,18.33363179488078,-0.1294820544985953,-0.009258146823277321,9.8012221965882,0.0,0.0,0.013309131445980449
5.15,synthetic_1,13.093131457884411,80.28084711332832,11.954711667926565,8.603180150477241,18.371557819833754,-0.13137715800386474,-0.009057666414687044,9.811858156884506,0.0,0.0,0.013167970291807496
5.2,synthetic_1,13.093135442278903,80.28084879700569,11.955827267213992,8.596564169741375,18.409078707128202,-0.1332517340954631,-0.008834546557201532,9.802076246228099,0.0,0.0,0.013026294765470237
5.25,synthetic_1,13.093139422566765,80.2808504818119,11.95705327532867,8.589854977067695,18.446192991109235,-0.13510548987470727,-0.00858934493426592,9.8140889403567,0.0,0.0,0.012884110401150117
5.300000000000001,synthetic_1,13.093143398739947,80.28085216762518,11.958386627888805,8.583053620753905,18.482899222004853,-0.13693813569606306,-0.008322674422239008,9.804721653083103,0.0,0.0,0.012741422752906018
5.3500000000000005,synthetic_1,13.093147370791188,80.28085385432377,11.959823992207392,8.576161163498089,18.519195965982583,-0.13874938521230007,-0.008035201558521552,9.815202834422404,0.0,0.0,0.01259823739445498
5.4,synthetic_1,13.093151338714007,80.28085554178588,11.961361775622201,8.569178682232675,18.555081805205468,-0.1405389554193448,-0.007727644875559872,9.82883335650064,0.0,0.0,0.012454559918957386
5.45,synthetic_1,13.093155302502709,80.28085722988973,11.962996134475555,8.562107267956154,18.590555337887487,-0.14230656670056518,-0.007400773104888944,9.822230166069344,0.0,0.0,0.012310395938797125
5.5,synthetic_1,13.09315926215238,80.28085891851356,11.964722983721481,8.554948025562618,18.625615178348276,-0.14405194287029133,-0.007055403255703919,9.8161211168137,0.0,0.0,0.012165751085360665
5.550000000000001,synthetic_1,13.093163217658885,80.2808606075356,11.966538007136187,8.547702073669125,18.660259957067275,-0.145774811216981,-0.006692398572762614,9.818097263445905,0.0,0.0,0.01202063100882056
5.6000000000000005,synthetic_1,13.093167169018876,80.28086229683417,11.968436668106383,8.54037054444092,18.694488320737225,-0.1474749025459765,-0.006312666378723209,9.802990614213204,0.0,0.0,0.011875041377909512
5.65,synthetic_1,13.093171116229781,80.28086398628761,11.970414220968449,8.532954583414528,18.728298932317017,-0.1491519512215156,-0.005917155806310094,9.798943723855475,0.0,0.0,0.01172898787970389
5.7,synthetic_1,13.093175059289802,80.28086567577434,11.972465722870119,8.525455349318769,18.761690471083938,-0.15080569520812048,-0.005506855425976376,9.798190635463179,0.0,0.0,0.011582476219400561
5.75,synthetic_1,13.093178998197924,80.28086736517284,11.974586046125037,8.517874013893715,18.794661632685248,-0.15243587611164955,-0.005082790774992584,9.808607528046506,0.0,0.0,0.011435512120093194
5.800000000000001,synthetic_1,13.093182932953905,80.2808690543617,11.976769891029312,8.510211761707604,18.82721112918914,-0.15404223921969162,-0.004646021794137566,9.821384012164387,0.0,0.0,0.011288101322548538
5.8500000000000005,synthetic_1,13.093186863558273,80.28087074321961,11.979011799108006,8.502469789971746,18.859337689135053,-0.15562453354124983,-0.004197640178398589,9.79935619703667,0.0,0.0,0.011140249584979944
5.9,synthetic_1,13.093190790012333,80.28087243162538,11.981306166758488,8.494649308353479,18.891040057583314,-0.1571825118460346,-0.0037387666483023603,9.81133666877703,0.0,0.0,0.010991962682829204
5.95,synthetic_1,13.093194712318155,80.28087411945793,11.983647259256513,8.486751538787143,18.922316996164195,-0.15871593070313494,-0.0032705481486974067,9.794177931426722,0.0,0.0,0.010843246408533957
6.0,synthetic_1,13.09319863047858,80.28087580659634,11.986029225090054,8.478777715283165,18.953167283126252,-0.16022455051897921,-0.0027941549819892587,9.794486520660723,0.0,0.0,0.010694106571303985
6.050000000000001,synthetic_1,13.093202544497215,80.28087749291984,11.98844611058503,8.470729083735245,18.983589713384077,-0.16170813557479846,-0.0023107778829939136,9.815226227710967,0.0,0.0,0.01054454899689694
6.1000000000000005,synthetic_1,13.093206454378425,80.28087917830781,11.990891874786396,8.462606901725685,19.013583098565363,-0.16316645406339703,-0.0018216250427209502,9.79978274821726,0.0,0.0,0.01039457952738465
6.15,synthetic_1,13.09321036012734,80.28088086263985,11.993360404557373,8.454412438328905,19.043146267057303,-0.16459927812551456,-0.0013279190885251673,9.79949574146539,0.0,0.0,0.01024420402093218
6.2,synthetic_1,13.093214261749846,80.2808825457957,11.995845529859125,8.446146973913134,19.072278064052398,-0.1660063838853354,-0.000830894028174964,9.82640451940404,0.0,0.0,0.010093428351561906
6.25,synthetic_1,13.093218159252586,80.28088422765533,11.998341039172622,8.437811799940372,19.10097735159352,-0.1673875514853762,-0.00033179216547556817,9.807339392756354,0.0,0.0,0.009942258408929261
6.300000000000001,synthetic_1,13.093222052642954,80.28088590809891,12.000840695024218,8.429408218764596,19.12924300861841,-0.1687425651210539,0.000168139004843506,9.806205204752908,0.0,0.0,0.009790700098094018
6.3500000000000005,synthetic_1,13.093225941929093,80.28088758700686,12.003338249576078,8.420937543428266,19.15707393100343,-0.170071213074241,0.0006676499152155635,9.804353942676006,0.0,0.0,0.00963875933928049
6.4,synthetic_1,13.093229827119897,80.28088926425978,12.005827460242525,8.412401097457172,19.184469031606717,-0.1713732877463947,0.0011654920485049364,9.810803403408572,0.0,0.0,0.009486442067654921
6.45,synthetic_1,13.093233708224995,80.28089093973861,12.008302105293248,8.403800214653627,19.21142724031063,-0.17264858569101094,0.0016604210586495722,9.799571728367644,0.0,0.0,0.00933375423309235
6.5,synthetic_1,13.093237585254766,80.28089261332447,12.01075599940439,8.395136238888071,19.237947504063573,-0.17389690764535004,0.002151199880878155,9.807223167180194,0.0,0.0,0.009180701799942348
6.550000000000001,synthetic_1,13.093241458220316,80.28089428489876,12.01318300911864,8.386410523889092,19.264028786921116,-0.17511805856164742,0.0026366018237277923,9.81751702339177,0.0,0.0,0.009027290746796424
6.6000000000000005,synthetic_1,13.093245327133493,80.28089595434322,12.015577068175668,8.377624433031906,19.289670070086466,-0.176311847637578,0.0031154136351337867,9.803443605523489,0.0,0.0,0.008873527066253217
6.65,synthetic_1,13.093249192006867,80.28089762153981,12.01793219267464,8.368779339125334,19.314870351950255,-0.17747808834604584,0.0035864385349280038,9.782861616465025,0.0,0.0,0.00871941676468646
6.7,synthetic_1,13.093253052853738,80.28089928637085,12.02024249603083,8.359876624197302,19.33962864812968,-0.17861659846428068,0.004048499206165983,9.800100900448125,0.0,0.0,0.008564965862011276
6.75,synthetic_1,13.09325690968813,80.28090094871894,12.022502203689031,8.350917679278906,19.363943991506943,-0.1797272001023842,0.004500440737806176,9.814330775597615,0.0,0.0,0.008410180391445476
6.800000000000001,synthetic_1,13.093260762524778,80.28090260846702,12.02470566755693,8.341903904187063,19.387815432267033,-0.1808097197311298,0.004941133511386089,9.817858966433265,0.0,0.0,0.008255066399279198
6.8500000000000005,synthetic_1,13.093264611379137,80.28090426549836,12.026847380122401,8.332836707305793,19.41124203793484,-0.18186398820901672,0.005369476024480117,9.810285742534832,0.0,0.0,0.008099629944632314
6.9,synthetic_1,13.09326845626737,80.28090591969661,12.02892198821941,8.323717505366162,19.43422289341155,-0.18288984080875537,0.005784397643882001,9.820924158986756,0.0,0.0,0.0079438770992174
6.95,synthetic_1,13.093272297206347,80.2809075709457,12.030924306408151,8.314547723224917,19.456757101010417,-0.18388711724295348,0.00618486128163024,9.79625380901371,0.0,0.0,0.007787813947114364
7.0,synthetic_1,13.093276134213639,80.28090921913001,12.032849329935939,8.305328793641866,19.47884378049183,-0.18485566168921608,0.006569865987187891,9.819438642957648,0.0,0.0,0.0076314465845217505
7.050000000000001,synthetic_1,13.093279967307508,80.28091086413424,12.034692247246488,8.296062157055996,19.50048206909768,-0.18579532281442823,0.0069384494492976435,9.808747697572153,0.0,0.0,0.0074747811195152725
7.1000000000000005,synthetic_1,13.093283796506917,80.2809125058435,12.036448452006294,8.286749261360423,19.521671121585058,-0.18670595379841615,0.007289690401258765,9.813409668578029,0.0,0.0,0.007317823671821322
7.15,synthetic_1,13.093287621831514,80.28091414414331,12.03811355461807,8.277391561676154,19.542410110259308,-0.1875874123569865,0.007622710923614113,9.778045862826442,0.0,0.0,0.007160580372571612
7.2,synthetic_1,13.093291443301627,80.28091577891956,12.039683393192458,8.267990520124725,19.562698225006315,-0.1884395607640421,0.007936678638491531,9.815574836121266,0.0,0.0,0.007003057364061149
7.25,synthetic_1,13.093295260938264,80.28091741005859,12.041154043950575,8.25854760559975,19.58253467332418,-0.18926226587311135,0.008230808790115056,9.808979583141806,0.0,0.0,0.00684526079951342
7.300000000000001,synthetic_1,13.093299074763108,80.28091903744716,12.042521831031427,8.249064293537414,19.601918680354164,-0.19005539913816705,0.00850436620628565,9.825733210732151,0.0,0.0,0.006687196842836141
7.3500000000000005,synthetic_1,13.093302884798508,80.28092066097243,12.043783335679644,8.239542065685933,19.620849488910952,-0.19081883663378818,0.008756667135928826,9.808531973925154,0.0,0.0,0.006528871668382008
7.4,synthetic_1,13.093306691067475,80.28092228052205,12.044935404790582,8.229982409874035,19.639326359512246,-0.19155245907439777,0.00898708095811627,9.796916939584252,0.0,0.0,0.006370291460708333
7.45,synthetic_1,13.093310493593686,80.28092389598409,12.045975158791448,8.220386819778494,19.657348570407635,-0.19225615183298572,0.009195031758289706,9.798617539977087,0.0,0.0,0.006211462414335567
7.5,synthetic_1,13.093314292401459,80.28092550724709,12.046899998838738,8.210756794690736,19.6749154176068,-0.19292980495901446,0.00937999976774739,9.81070610823193,0.0,0.0,0.006052390733501389
7.550000000000001,synthetic_1,13.093318087515769,80.28092711420007,12.047707613313976,8.201093839282592,19.692026214907006,-0.19357331319550752,0.00954152266279515,9.809727972881252,0.0,0.0,0.005893082631923119
7.6000000000000005,synthetic_1,13.093321878962229,80.28092871673252,12.048395983601575,8.191399463371186,19.708680293919908,-0.1941865759956407,0.009679196720314866,9.800308624319081,0.0,0.0,0.0057335443325556845
7.65,synthetic_1,13.093325666767088,80.2809303147344,12.04896338913431,8.181675181683028,19.724877004097664,-0.19476949753835626,0.009792677826862,9.795969867885074,0.0,0.0,0.005573782067340716
7.7,synthetic_1,13.093329450957231,80.2809319080962,12.04940841169385,8.17192251361735,19.740615712758338,-0.19532198674333756,0.009881682338770004,9.8218102118422,0.0,0.0,0.005413802076971175
7.75,synthetic_1,13.09333323156016,80.28093349670891,12.04972993895556,8.162142983008694,19.755895805110626,-0.19584395728529103,0.009945987791111761,9.804263254289836,0.0,0.0,0.005253610610648218
7.800000000000001,synthetic_1,13.093337008604006,80.28093508046399,12.04992716726873,8.15233811788882,19.77071668427787,-0.19633532760733985,0.00998543345374605,9.805964833023578,0.0,0.0,0.005093213925828621
7.8500000000000005,synthetic_1,13.09334078211751,80.28093665925346,12.049999603665295,8.14250945024796,19.78507777132135,-0.19679602093386706,0.009999920733059189,9.801316534198007,0.0,0.0,0.004932618287987189
7.9,synthetic_1,13.093344552130016,80.28093823296983,12.049947067091988,8.132658515795434,19.79897850526294,-0.19722596528254144,0.00998941341839772,9.820633738134081,0.0,0.0,0.004771829970371955
7.95,synthetic_1,13.093348318671481,80.28093980150618,12.049769688862881,8.122786853719706,19.812418343106984,-0.19762509347540202,0.009953937772576199,9.817804592762442,0.0,0.0,0.004610855253754376
8.0,synthetic_1,13.09335208177245,80.28094136475612,12.049467912331169,8.112896006447894,19.825396759861523,-0.19799334314946293,0.009893582466233819,9.796433562602335,0.0,0.0,0.004449700426189529
8.05,synthetic_1,13.093355841464058,80.2809429226138,12.04904249178102,8.10298751940476,19.837913248558806,-0.19833065676646555,0.009808498356203996,9.805884193960333,0.0,0.0,0.004288371782767975
8.1,synthetic_1,13.093359597778031,80.28094447497394,12.048494490542254,8.093062940771247,19.849967320275084,-0.1986369816218314,0.009698898108450864,9.797428889744806,0.0,0.0,0.004126875625369286
8.15,synthetic_1,13.093363350746667,80.28094602173178,12.047825278332576,8.083123821242577,19.861558504149713,-0.1989122698529755,0.00956505566651509,9.825193480656678,0.0,0.0,0.003965218262415582
8.200000000000001,synthetic_1,13.093367100402837,80.2809475627832,12.047036527833988,8.07317171378595,19.872686347403544,-0.19915647844664264,0.009407305566797726,9.811082768946099,0.0,0.0,0.0038034060086272747
8.25,synthetic_1,13.09337084677998,80.2809490980246,12.046130210511967,8.063208173397912,19.883350415356617,-0.19936956924572868,0.009226042102393403,9.80384783674931,0.0,0.0,0.003641445184776604
8.3,synthetic_1,13.093374589912088,80.28095062735301,12.045108591687814,8.053234756861377,19.893550291445138,-0.19955150895523133,0.009021718337562932,9.803275020604495,0.0,0.0,0.0034793421174367234
8.35,synthetic_1,13.093378329833712,80.28095215066597,12.043974224876543,8.04325302250239,19.903285577237742,-0.19970226914743705,0.00879484497530865,9.812091686979869,0.0,0.0,0.0033171031387368988
8.4,synthetic_1,13.093382066579947,80.2809536678617,12.042729945404414,8.033264529946633,19.91255589245106,-0.19982182626641531,0.008545989080882804,9.804189697940046,0.0,0.0,0.0031547345861177023
8.450000000000001,synthetic_1,13.093385800186425,80.28095517883897,12.0413788633221,8.023270839875748,19.92136087496459,-0.1999101616315535,0.00827577266441983,9.822076600628465,0.0,0.0,0.002992242802080103
8.5,synthetic_1,13.093389530689317,80.28095668349717,12.039924355631175,8.013273513783478,19.92970018083482,-0.19996726144063004,0.007984871126234902,9.797387994830991,0.0,0.0,0.002829634133937886
8.55,synthetic_1,13.093393258125314,80.28095818173632,12.038370057843375,8.003274113731685,19.937573484308672,-0.19999311677196374,0.007674011568674873,9.794303453551793,0.0,0.0,0.0026669149335728504
8.6,synthetic_1,13.09339698253163,80.28095967345703,12.036719854893706,7.9932742021062815,19.944980477836232,-0.19998772358570172,0.007343970978741133,9.820754830474005,0.0,0.0,0.002504091557182231
8.65,synthetic_1,13.09340070394599,80.28096115856054,12.034977871430133,7.983275341373115,19.95192087208276,-0.19995108272448547,0.00699557428602668,9.802393072275715,0.0,0.0,0.00234117036503223
8.700000000000001,synthetic_1,13.09340442240663,80.28096263694876,12.033148461504108,7.973279093833833,19.95839439593998,-0.19988319991337988,0.00662969230082182,9.820848698441383,0.0,0.0,0.0021781577212143244
8.75,synthetic_1,13.09340813795228,80.28096410852416,12.03123619768771,7.963287021381777,19.9644007965367,-0.19978408575896722,0.006247239537541924,9.81544870107444,0.0,0.0,0.002015059993387136
8.8,synthetic_1,13.093411850622168,80.28096557318989,12.029245859644588,7.953300685257936,19.969939839248653,-0.19965375574761524,0.005849171928917617,9.793069079711774,0.0,0.0,0.0018518835525344057
8.85,synthetic_1,13.093415560456,80.28096703084977,12.027182422183305,7.943321645807015,19.975011307707693,-0.19949223024311458,0.005436484436660885,9.800554957975883,0.0,0.0,0.0016886347727168571
8.9,synthetic_1,13.093419267493966,80.28096848140821,12.025051042822895,7.933351462233625,19.979615003810224,-0.1992995344835169,0.005010208564578847,9.807143165896603,0.0,0.0,0.0015253200308174009
8.950000000000001,synthetic_1,13.093422971776729,80.2809699247703,12.022857048901757,7.923391692358663,19.98375074772495,-0.19907569857711138,0.004571409780351542,9.804445582424934,0.0,0.0,0.0013619457062979956
9.0,synthetic_1,13.093426673345414,80.28097136084183,12.020605924262087,7.913443892375914,19.987418377899907,-0.19882075749782402,0.004121184852417566,9.809678778010895,0.0,0.0,0.0011985181809481826
9.05,synthetic_1,13.093430372241603,80.28097278952917,12.01830329554312,7.903509616608881,19.990617751068754,-0.1985347510796931,0.0036606591086241103,9.800525051096521,0.0,0.0,0.0010350438386336203
9.1,synthetic_1,13.093434068507332,80.28097421073942,12.015954918117467,7.893590417267944,19.99334874225638,-0.19821772401061644,0.0031909836234935212,9.80580071150085,0.0,0.0,0.0008715290650512797
9.15,synthetic_1,13.093437762185074,80.2809756243803,12.013566661705681,7.883687844207819,19.9956112447838,-0.1978697258254325,0.0027133323411363277,9.816664850606577,0.0,0.0,0.0007079802474768693
9.200000000000001,synthetic_1,13.093441453317745,80.28097703036026,12.011144495705013,7.873803444685401,19.997405170272284,-0.1974908108981488,0.002228899141002459,9.819979177364417,0.0,0.0,0.0005444037745122587
9.25,synthetic_1,13.093445141948687,80.28097842858838,12.008694474269022,7.863938763118004,19.998730448646853,-0.1970810384334687,0.0017388948538043356,9.798749557561539,0.0,0.0,0.00038080603584456085
9.3,synthetic_1,13.093448828121664,80.28097981897444,12.006222721175353,7.854095340842054,19.999587028138986,-0.19664047245748328,0.001244544235070617,9.804330272735685,0.0,0.0,0.00021719342199022496
9.35,synthetic_1,13.093452511880853,80.28098120142892,12.003735414519477,7.844274715872256,19.999974875288657,-0.19616918180774157,0.0007470829038953478,9.805382128380014,0.0,0.0,5.357232404523682e-05
9.4,synthetic_1,13.09345619327084,80.28098257586292,12.001238771272668,7.83447842266128,19.999893974945635,-0.19566724012245906,0.00024775425453357763,9.793151464264351,0.0,0.0,-0.00011005086656135088
9.450000000000001,synthetic_1,13.093459872336613,80.28098394218831,11.998739031742817,7.82470799186001,19.999344330270084,-0.1951347258289715,-0.00025219365143660497,9.816029916393324,0.0,0.0,-0.0002736697583205494
9.5,synthetic_1,13.093463549123545,80.28098530031764,11.996242443976909,7.814964950078383,19.998325962732423,-0.19457172213158458,-0.000751511204618093,9.812297037264107,0.0,0.0,-0.00043727795988934837
9.55,synthetic_1,13.093467223677402,80.2809866501641,11.993755248144163,7.805250819646852,19.99683891211251,-0.19397831699848211,-0.0012489503711675231,9.811863868695257,0.0,0.0,-0.0006008690803438466
9.600000000000001,synthetic_1,13.093470896044323,80.28098799164161,11.991283660938851,7.795567118378535,19.99488323649806,-0.19335460314797714,-0.001743267812229814,9.80554719740311,0.0,0.0,-0.0007644367294262766
9.65,synthetic_1,13.093474566270821,80.28098932466483,11.988833860041812,7.785915359332054,19.992459012282417,-0.1927006780341145,-0.002233227991637839,9.81535333099343,0.0,0.0,-0.0009279745177953602
9.700000000000001,synthetic_1,13.093478234403765,80.28099064914908,11.986411968679453,7.776297050575123,19.989566334161523,-0.19201664383136752,-0.002717606264109442,9.816284146676942,0.0,0.0,-0.001091476057279439
9.75,synthetic_1,13.093481900490387,80.28099196501037,11.984024040318886,7.766713694948917,19.98620531513025,-0.19130260741866856,-0.0031951919362227365,9.818250283241195,0.0,0.0,-0.0012549349611179483
9.8,synthetic_1,13.09348556457826,80.28099327216546,11.981676043537403,7.757166789833256,19.982376086477977,-0.19055868036276458,-0.0036647912925192837,9.804949171696226,0.0,0.0,-0.0014183448442184332
9.850000000000001,synthetic_1,13.093489226715306,80.28099457053182,11.979373847104146,7.747657826912641,19.978078797783464,-0.18978497890074664,-0.0041252305791709435,9.810143745646746,0.0,0.0,-0.0015816993234041288
9.9,synthetic_1,13.093492886949768,80.28099586002757,11.977123205311234,7.738188291943182,19.973313616909003,-0.18898162392188667,-0.0045753589377532135,9.80276214566824,0.0,0.0,-0.0017449920176609846
9.950000000000001,synthetic_1,13.093496545330225,80.28099714057161,11.97492974359104,7.728759664520452,19.968080729993865,-0.18814874094877254,-0.005014051281791989,9.803420626409853,0.0,0.0,-0.0019082165483896851
10.0,synthetic_1,13.093500201905565,80.28099841208355,11.972798944455532,7.719373417848304,19.962380341447027,-0.18728646011768824,-0.005440211108893698,9.816464730376229,0.0,0.0,-0.0020713665396521197
10.05,synthetic_1,13.093503856724993,80.28099967448365,11.970736133792848,7.710031018508683,19.956212673939195,-0.18639491615823012,-0.005852773241430364,9.807187380305194,0.0,0.0,-0.0022344356184228475
10.100000000000001,synthetic_1,13.09350750983801,80.28100092769297,11.968746467555356,7.700733926232481,19.949577968394095,-0.18547424837233706,-0.006250706488928835,9.805113080678032,0.0,0.0,-0.0023974174148350125
10.15,synthetic_1,13.093511161294417,80.28100217163323,11.96683491887245,7.69148359367145,19.942476483979075,-0.18452460061249454,-0.00663301622550998,9.812682089316008,0.0,0.0,-0.0025603055624340287
10.200000000000001,synthetic_1,13.093514811144297,80.28100340622692,11.965006265620323,7.682281466171232,19.93490849809496,-0.18354612125921044,-0.006998746875935436,9.813305021469741,0.0,0.0,-0.0027230936984246057
10.25,synthetic_1,13.093518459438016,80.2810046313972,11.96326507847976,7.673128981545529,19.926874306365235,-0.18253896319791352,-0.007346984304047954,9.799107101824339,0.0,0.0,-0.0028857754639127764
10.3,synthetic_1,13.093522106226212,80.28100584706796,11.96161570951182,7.664027569851441,19.9183742226245,-0.18150328379499037,-0.007676858097635825,9.800173009359124,0.0,0.0,-0.0030483445041634694
10.350000000000001,synthetic_1,13.093525751559783,80.28100705316386,11.96006228127995,7.6549786531660295,19.909408578906188,-0.18043924487322727,-0.007987543744010015,9.813772996742102,0.0,0.0,-0.0032107944688453127
10.4,synthetic_1,13.093529395489888,80.28100824961021,11.958608676545717,7.645983645364118,19.899977725429622,-0.17934701268655928,-0.008278264690856537,9.811910640789797,0.0,0.0,-0.0033731190122759935
10.450000000000001,synthetic_1,13.09353303806793,80.28100943633311,11.957258528563935,7.637043951897374,19.890082030586314,-0.17822675789404663,-0.008548294287212838,9.80455412575311,0.0,0.0,-0.003535311793673168
10.5,synthetic_1,13.093536679345558,80.28101061325934,11.956015212001416,7.628160969574713,19.87972188092559,-0.17707865553322044,-0.008796957599716701,9.818608557584804,0.0,0.0,-0.0036973664774042625
10.55,synthetic_1,13.09354031937465,80.2810117803164,11.954881834502059,7.619336086344052,19.868897681139472,-0.17590288499272688,-0.009023633099588237,9.805658821989914,0.0,0.0,-0.0038592767332279454
10.600000000000001,synthetic_1,13.09354395820731,80.28101293743256,11.95386122891936,7.6105706810754405,19.857609854046892,-0.17469962998432287,-0.009227754216128073,9.787336356377747,0.0,0.0,-0.004021036236543929
10.65,synthetic_1,13.093547595895862,80.28101408453678,11.952955946235754,7.601866123345619,19.845858840577158,-0.17346907851416127,-0.009408810752849078,9.798691066725814,0.0,0.0,-0.004182638668643324
10.700000000000001,synthetic_1,13.093551232492837,80.28101522155872,11.95216824918649,7.593223773224024,19.833645099752744,-0.17221142285340107,-0.009566350162701884,9.791902480085318,0.0,0.0,-0.0043440777169517775
10.75,synthetic_1,13.09355486805097,80.28101634842879,11.951500106603966,7.584644981060279,19.820969108671342,-0.17092685950818698,-0.009699978679206786,9.8181060827549,0.0,0.0,-0.00450534707527761
10.8,synthetic_1,13.09355850262319,80.28101746507815,11.950953188496676,7.576131087273206,19.807831362487242,-0.16961558918892727,-0.009809362300664915,9.811702123157355,0.0,0.0,-0.0046664404440555085
10.850000000000001,synthetic_1,13.093562136262614,80.28101857143862,11.950528861875057,7.5676834221413865,19.79423237439199,-0.16827781677893228,-0.009894227624988513,9.807837075844821,0.0,0.0,-0.004827351530595769
10.9,synthetic_1,13.093565769022536,80.2810196674428,11.95022818733468,7.5593033055953125,19.780172675594326,-0.16691375130243102,-0.009954362533063775,9.783474113185537,0.0,0.0,-0.004988074049331881
10.950000000000001,synthetic_1,13.093569400956419,80.28102075302397,11.95005191640531,7.550992047011143,19.765652815299443,-0.16552360589187742,-0.00998961671893817,9.79187751473608,0.0,0.0,-0.005148601722060331
11.0,synthetic_1,13.093573032117895,80.28102182811615,11.950000489672465,7.542750945006125,19.750673360687543,-0.16410759775465245,-0.009999902065507035,9.805142579348027,0.0,0.0,-0.00530892827818763
11.05,synthetic_1,13.093576662560748,80.28102289265406,11.950074035676197,7.534581287235678,19.73523489689166,-0.16266594813915347,-0.009985192864760455,9.788847923752263,0.0,0.0,-0.005469047454979559
11.100000000000001,synthetic_1,13.09358029233891,80.28102394657317,11.9502723705898,7.526484350192209,19.71933802697483,-0.16119888230019974,-0.009945525882039891,9.816067946814474,0.0,0.0,-0.005628952997800418
11.15,synthetic_1,13.093583921506454,80.28102498980964,11.95059499867928,7.518461399005658,19.702983371906516,-0.1597066294638516,-0.009881000264143982,9.805620473867963,0.0,0.0,-0.005788638660360057
11.200000000000001,synthetic_1,13.093587550117585,80.28102602230034,11.951041113542434,7.510513687245824,19.68617157053834,-0.15818942279156367,-0.00979177729151317,9.805218878550638,0.0,0.0,-0.005948098204959229
11.25,synthetic_1,13.093591178226632,80.28102704398287,11.951609600124437,7.502642456726502,19.668903279579165,-0.15664749934380495,-0.009678079975112615,9.806015898635156,0.0,0.0,-0.006107325402728292
11.3,synthetic_1,13.09359480588804,80.28102805479557,11.952299037504895,7.494848937311444,19.651179173569407,-0.15508110004297748,-0.00954019249902089,9.797148506453691,0.0,0.0,-0.006266314033874787
11.350000000000001,synthetic_1,13.093598433156366,80.28102905467743,11.953107702449412,7.487134346722204,19.632999944854703,-0.15349046963577528,-0.00937845951011782,9.796218450749915,0.0,0.0,-0.0064250578879271325
11.4,synthetic_1,13.093602060086264,80.28103004356821,11.954033573716766,7.479499890347866,19.61436630355886,-0.15187585665497494,-0.009193285256646757,9.787663472119005,0.0,0.0,-0.006583550763972212
11.450000000000001,synthetic_1,13.093605686732486,80.28103102140831,11.955074337110977,7.4719467610567065,19.595278977556127,-0.15023751338055114,-0.00898513257780448,9.806884752508036,0.0,0.0,-0.0067417864709024
11.5,synthetic_1,13.093609313149868,80.2810319881389,11.956227391265578,7.464476139009811,19.57573871244275,-0.14857569580032148,-0.008754521746884285,9.810712586215924,0.0,0.0,-0.006899758827655922
11.55,synthetic_1,13.09361293939332,80.28103294370185,11.957489854145681,7.457089191476674,19.555746271507847,-0.14689066356990743,-0.008502029170863663,9.804273976049014,0.0,0.0,-0.007057461663457776
11.600000000000001,synthetic_1,13.09361656551783,80.28103388803967,11.958858570251564,7.44978707265282,19.5353024357036,-0.1451826799721445,-0.008228285949687079,9.803824695384344,0.0,0.0,-0.007214888818061205
11.65,synthetic_1,13.093620191578443,80.28103482109564,11.960330118505777,7.44257092347946,19.514408003614744,-0.14345201187601297,-0.00793397629884477,9.797249111355672,0.0,0.0,-0.0073720341419869495
11.700000000000001,synthetic_1,13.093623817630258,80.28103574281371,11.961900820804049,7.435441871465219,19.493063791427378,-0.1416989296948934,-0.007619835839190321,9.80915685707385,0.0,0.0,-0.007528891496765833
11.75,synthetic_1,13.093627443728423,80.28103665313854,11.963566751208642,7.428401030509971,19.47127063289708,-0.13992370734428938,-0.007286649758271701,9.782135907240551,0.0,0.0,-0.007685454755179677
11.8,synthetic_1,13.093631069928128,80.28103755201546,11.965323745761143,7.42144950073079,19.449029379316325,-0.13812662219907956,-0.006935250847771224,9.795605534128683,0.0,0.0,-0.007841717801493897
11.850000000000001,synthetic_1,13.093634696284589,80.28103843939051,11.9671674128902,7.414588368290063,19.42634089948126,-0.13630795505016557,-0.00656651742196014,9.800065850786444,0.0,0.0,-0.007997674531702303
11.9,synthetic_1,13.09363832285305,80.28103931521042,11.969093144388149,7.407818705225774,19.403206079657743,-0.13446799006059607,-0.006181371122370333,9.80156512510726,0.0,0.0,-0.008153318853768021
11.950000000000001,synthetic_1,13.093641949688768,80.2810401794226,11.971096126929147,7.401141569284003,19.379625823546725,-0.13260701472116665,-0.0057807746141704365,9.808829110008864,0.0,0.0,-0.008308644687852196
12.0,synthetic_1,13.093645576847013,80.28104103197515,11.973171354099978,7.394558003753657,19.35560105224897,-0.13072531980546032,-0.00536572918000435,9.804725941255391,0.0,0.0,-0.008463645966558242
12.05,synthetic_1,13.093649204383052,80.28104187281686,11.97531363891347,7.388069037303457,19.331132704229056,-0.12882319932449704,-0.004937272217305975,9.808204681268894,0.0,0.0,-0.008618316635171097
12.100000000000001,synthetic_1,13.093652832352145,80.28104270189716,11.97751762677327,7.381675683821207,19.3062217352787,-0.12690095048073502,-0.004496474645345998,9.819107733043014,0.0,0.0,-0.008772650651887037
12.15,synthetic_1,13.093656460809541,80.28104351916623,11.979777808857543,7.3753789422553835,19.280869118479472,-0.12495887362163671,-0.004044438228491401,9.820371024908965,0.0,0.0,-0.00892664198805182
12.200000000000001,synthetic_1,13.093660089810463,80.28104432457486,11.982088535888158,7.3691797964590435,19.255075844164736,-0.12299727219276413,-0.0035822928223682706,9.81312607877436,0.0,0.0,-0.009080284628398827
12.25,synthetic_1,13.093663719410106,80.28104511807453,11.984444032250943,7.363079215036107,19.228842919880996,-0.12101645269034123,-0.0031111935498112733,9.819136016031832,0.0,0.0,-0.009233572571281656
12.3,synthetic_1,13.093667349663628,80.28104589961742,11.98683841043171,7.357078151190009,19.202171370348516,-0.11901672461339885,-0.0026323179136580094,9.823946417840546,0.0,0.0,-0.009386499828911155
12.350000000000001,synthetic_1,13.09367098062614,80.28104666915632,11.989265685731974,7.351177542574767,19.175062237421308,-0.1169984004153779,-0.0021468628536052696,9.810354203490197,0.0,0.0,-0.009539060427585233
12.4,synthetic_1,13.093674612352702,80.28104742664475,11.991719791227585,7.345378311148472,19.147516580046428,-0.11496179545532392,-0.001656041754483094,9.79266697460045,0.0,0.0,-0.00969124840792257
12.450000000000001,synthetic_1,13.093678244898312,80.2810481720368,11.994194592932876,7.339681363029235,19.119535474222623,-0.11290722794861985,-0.001161081413424567,9.816702793828357,0.0,0.0,-0.009843057825100754
12.5,synthetic_1,13.093681878317904,80.28104890528734,11.99668390513244,7.33408758835361,19.091120012958278,-0.11083501891724801,-0.0006632189735120068,9.796700833796272,0.0,0.0,-0.009994482749085543
12.55,synthetic_1,13.093685512666331,80.28104962635177,11.999181505842182,7.32859786113751,19.062271306228734,-0.10874549213967022,-0.00016369883156341366,9.8252685431138,0.0,0.0,-0.010145517264859572
12.600000000000001,synthetic_1,13.093689147998369,80.28105033518624,12.001681152361057,7.323213039139643,19.032990480932924,-0.10663897410019274,0.0003362304722113847,9.823900455175234,0.0,0.0,-0.010296155472653834
12.65,synthetic_1,13.093692784368699,80.28105103174747,12.004176596874556,7.317933963727491,19.003278680849373,-0.10451579393795818,0.0008353193749110818,9.801467737403273,0.0,0.0,-0.01044639148818527
12.700000000000001,synthetic_1,13.093696421831906,80.28105171599287,12.006661602070997,7.312761459745847,18.973137066591484,-0.10237628339556437,0.0013323204141994396,9.795652175493153,0.0,0.0,-0.010596219442877142
12.75,synthetic_1,13.093700060442467,80.28105238788052,12.009129956731556,7.307696335387934,18.94256681556224,-0.100220776767177,0.00182599134631134,9.799763435148998,0.0,0.0,-0.010745633484093853
12.8,synthetic_1,13.09370370025475,80.28105304736906,12.011575491255076,7.302739382069129,18.91156912190818,-0.09804961084631358,0.0023150982510153897,9.80599918885173,0.0,0.0,-0.010894627775370203
12.850000000000001,synthetic_1,13.093707341323,80.28105369441784,12.013992093078858,7.297891374303303,18.88014519647277,-0.09586312487322779,0.002798418615771762,9.819462645994502,0.0,0.0,-0.011043196496633434
12.9,synthetic_1,13.093710983701335,80.28105432898678,12.016373721956885,7.293153069581806,18.848296266749102,-0.09366166048192959,0.0032747443913769304,9.794295718785845,0.0,0.0,-0.011191333844438045
12.950000000000001,synthetic_1,13.093714627443738,80.2810549510365,12.018714425057288,7.28852520825511,18.81602357683195,-0.09144556164673467,0.003742885011457584,9.815469012157493,0.0,0.0,-0.011339034032187278
13.0,synthetic_1,13.093718272604045,80.28105556052817,12.021008351841331,7.284008513417133,18.78332838736915,-0.08921517462856521,0.004201670368266409,9.785953431585495,0.0,0.0,-0.011486291290361272
13.05,synthetic_1,13.09372191923595,80.28105615742365,12.02324976868671,7.2796036907922534,18.75021197551239,-0.0869708479208775,0.0046499537373422125,9.818786981128932,0.0,0.0,-0.01163309986674299
13.100000000000001,synthetic_1,13.09372556739298,80.28105674168538,12.025433073218618,7.275311428625045,18.716675634867293,-0.08471293219513676,0.005086614643723753,9.806030367346182,0.0,0.0,-0.011779454026640823
13.15,synthetic_1,13.093729217128503,80.28105731327642,12.027552808312768,7.27113239757274,18.6827206754429,-0.08244178024609639,0.0055105616625536645,9.808647436611635,0.0,0.0,-0.011925348053112295
13.200000000000001,synthetic_1,13.093732868495715,80.28105787216046,12.02960367573536,7.2670672506004355,18.648348423600503,-0.08015774693661548,0.005920735147072245,9.805588739166826,0.0,0.0,-0.012070776247191661
13.25,synthetic_1,13.093736521547632,80.2810584183018,12.031580549385913,7.263116622879078,18.613560222001816,-0.07786118914225426,0.006316109877182387,9.816007416219144,0.0,0.0,-0.01221573292810918
13.3,synthetic_1,13.093740176337077,80.2810589516653,12.03347848810983,7.25928113168621,18.57835742955654,-0.07555246569550533,0.006695697621966023,9.810363127340022,0.0,0.0,-0.012360212433513151
13.350000000000001,synthetic_1,13.093743832916685,80.28105947221651,12.035292748048734,7.255561376309528,18.54274142136927,-0.07323193732969635,0.007058549609746658,9.823529348961253,0.0,0.0,-0.012504209119690857
13.4,synthetic_1,13.09374749133889,80.2810599799215,12.037018794497623,7.25195793795324,18.506713588685813,-0.07089996662267062,0.007403758899524486,9.788887485751351,0.0,0.0,-0.012647717361788935
13.450000000000001,synthetic_1,13.093751151655914,80.28106047474697,12.038652313239282,7.248471379647261,18.47027533883879,-0.06855691794010355,0.007730462647856614,9.797599282348028,0.0,0.0,-0.012790731554034873
13.5,synthetic_1,13.093754813919764,80.28106095666021,12.040189221327582,7.24510224615923,18.43342809519271,-0.06620315737859706,0.00803784426551621,9.793189747148643,0.0,0.0,-0.01293324610995683
13.55,synthetic_1,13.093758478182226,80.2810614256291,12.041625677292702,7.241851063909401,18.396173297088335,-0.0638390527084276,0.008325135458540397,9.813827818645688,0.0,0.0,-0.013075255462598467
13.600000000000001,synthetic_1,13.093762144494852,80.28106188162212,12.042958090742825,7.238718340888387,18.358512399786484,-0.06146497331615208,0.008591618148564968,9.78977421857773,0.0,0.0,-0.013216754064734881
13.65,synthetic_1,13.09376581290896,80.28106232460831,12.044183131338231,7.235704566577786,18.320446874411168,-0.05908129014685848,0.008836626267646351,9.830960237402666,0.0,0.0,-0.01335773638909632
13.700000000000001,synthetic_1,13.093769483475619,80.28106275455731,12.045297737115423,7.232810211873701,18.28197820789213,-0.0566883756461678,0.009059547423084626,9.807568196974097,0.0,0.0,-0.013498196928578565
13.75,synthetic_1,13.09377315624565,80.28106317143933,12.04629912214043,7.230035729013169,18.243107902906768,-0.05428660370212057,0.009259824428086273,9.818869020805456,0.0,0.0,-0.013638130196459985
13.8,synthetic_1,13.093776831269617,80.28106357522513,12.047184783472206,7.227381551503489,18.203837477821423,-0.05187634958669918,0.009436956694441048,9.796986695380623,0.0,0.0,-0.013777530726614695
13.850000000000001,synthetic_1,13.093780508597813,80.28106396588609,12.047952507418659,7.224848094054499,18.164168466632084,-0.0494579898971903,0.009590501483731763,9.808613250183457,0.0,0.0,-0.01391639307372683
13.9,synthetic_1,13.09378418828026,80.28106434339412,12.048600375069748,7.22243575251377,18.124102418904457,-0.04703190249736977,0.00972007501394976,9.812892483831222,0.0,0.0,-0.014054711813504817
13.950000000000001,synthetic_1,13.093787870366704,80.28106470772171,12.04912676709375,7.220144903804762,18.083640899713437,-0.04459846645848309,0.009825353418750099,9.79958660955895,0.0,0.0,-0.01419248154288899
14.0,synthetic_1,13.093791554906597,80.2810650588419,12.049530367784744,7.217975905867922,18.042785489581973,-0.04215806199995065,0.009906073556948704,9.804372391181762,0.0,0.0,-0.014329696880268084
14.05,synthetic_1,13.093795241949103,80.2810653967283,12.049810168351192,7.215929097604767,18.001537784419323,-0.03971107042998412,0.009962033670238317,9.822223786115138,0.0,0.0,-0.014466352465684618
14.100000000000001,synthetic_1,13.093798931543082,80.28106572135506,12.049965469437396,7.214004798824924,17.95989939545873,-0.03725787408606962,0.009993093887479178,9.819313945505462,0.0,0.0,-0.014602442961047513
14.15,synthetic_1,13.09380262373709,80.28106603269691,12.04999588287152,7.21220331019616,17.917871949194467,-0.03479885627513113,0.009999176574304032,9.812439632304189,0.0,0.0,-0.014737963050339697
14.200000000000001,synthetic_1,13.093806318579366,80.2810663307291,12.049901332635818,7.2105249131974105,17.87545708731831,-0.03233440121368503,0.009980266527163616,9.826363634474362,0.0,0.0,-0.014872907439822947
14.25,synthetic_1,13.093810016117828,80.28106661542745,12.049682055056637,7.2089698700747915,17.83265646665541,-0.029864893967843642,0.009936411011327625,9.787191990017757,0.0,0.0,-0.015007270858251598
14.3,synthetic_1,13.093813716400065,80.28106688676829,12.049338598213732,7.207538423800626,17.789471759099563,-0.027390720393078993,0.009867719642746133,9.80956233466192,0.0,0.0,-0.015141048057070727
14.350000000000001,synthetic_1,13.093817419473334,80.28106714472852,12.048871820570334,7.206230798035484,17.74590465154792,-0.024912267073977645,0.009774364114066823,9.802836304263451,0.0,0.0,-0.015274233810624316
14.4,synthetic_1,13.093821125384547,80.28106738928557,12.048282888827464,7.205047197093228,17.70195684583508,-0.022429921263835695,0.009656577765492775,9.820887354863531,0.0,0.0,-0.015406822916362861
14.450000000000001,synthetic_1,13.093824834180273,80.2810676204174,12.047573275007768,7.2039878059091,17.657630058666616,-0.01994407082412053,0.009514655001553475,9.81774873081114,0.0,0.0,-0.015538810195039332
14.5,synthetic_1,13.093828545906717,80.28106783810253,12.046744752776235,7.203052790010816,17.61292602155202,-0.017455104163914825,0.00934895055524683,9.818344408117065,0.0,0.0,-0.015670190490919
14.55,synthetic_1,13.093832260609734,80.28106804231994,12.045799393006957,7.202242295492709,17.567846480737046,-0.014963410179200665,0.009159878601391393,9.800681216185268,0.0,0.0,-0.01580095867197595
14.600000000000001,synthetic_1,13.093835978334802,80.28106823304921,12.044739558607025,7.201556448992896,17.522393197135536,-0.012469378192081493,0.008947911721405034,9.812265657727682,0.0,0.0,-0.015931109630093476
14.65,synthetic_1,13.09383969912703,80.28106841027042,12.043567898610487,7.2009953576735,17.47656794626059,-0.009973397890004065,0.008713579722097513,9.817452441062855,0.0,0.0,-0.016060638281266693
14.700000000000001,synthetic_1,13.09384342303114,80.28106857396415,12.042287341557147,7.200559109203896,17.430372518155252,-0.007475859264793883,0.008457468311429335,9.81962318687106,0.0,0.0,-0.016189539565798494
14.75,synthetic_1,13.093847150091472,80.2810687241115,12.040901088172735,7.200247771747021,17.38380871732256,-0.004977152551770558,0.008180217634546941,9.797385982046316,0.0,0.0,-0.01631780844849995
14.8,synthetic_1,13.093850880351969,80.28106886069415,12.039412603368765,7.200061393948719,17.336878362655057,-0.0024776681687921354,0.007882520673753163,9.799817616644015,0.0,0.0,-0.01644543991888403
14.850000000000001,synthetic_1,13.093854613856175,80.28106898369421,12.037825607582063,7.200000004930142,17.289583287363754,2.220334479829944e-05,0.007565121516412409,9.809102067922858,0.0,0.0,-0.01657242899136324
14.9,synthetic_1,13.093858350647224,80.28106909309435,12.036144067475599,7.200063614283199,17.24192533890652,0.002522071389154945,0.00722881349511976,9.820598633430516,0.0,0.0,-0.01669877070544168
14.950000000000001,synthetic_1,13.093862090767841,80.28106918887774,12.034372186023912,7.200252212069057,17.193906378915905,0.005021545364991553,0.006874437204782592,9.812852848512144,0.0,0.0,-0.0168244601259121
15.0,synthetic_1,13.09386583426033,80.28106927102803,12.032514392007856,7.200565768819698,17.145528283126428,0.007520234734581521,0.006502878401571169,9.820408040096288,0.0,0.0,-0.0169494923430491
15.05,synthetic_1,13.093869581166567,80.28106933952942,12.030575328944947,7.2010042355425155,17.096792941301302,0.010017749082793515,0.006115065788989408,9.787125343772486,0.0,0.0,-0.01707386247279674
15.100000000000001,synthetic_1,13.093873331528,80.28106939436661,12.028559843482999,7.201567543727977,17.047702257158623,0.012513698178091559,0.005711968696599872,9.803933641847935,0.0,0.0,-0.017197565656962288
15.15,synthetic_1,13.093877085385635,80.28106943552476,12.026472973286022,7.202255605360325,16.998258148296998,0.015007692033499609,0.005294594657204644,9.811638417938234,0.0,0.0,-0.017320597063405496
15.200000000000001,synthetic_1,13.093880842780038,80.28106946298955,12.02431993444269,7.203068312931327,16.94846254612064,0.017499340967574994,0.004863986888537981,9.809345842550469,0.0,0.0,-0.017442951886228464
15.25,synthetic_1,13.093884603751322,80.28106947674718,12.022106108428828,7.204005539457082,16.898317395763932,0.01998825566523088,0.0044212216857653945,9.787736829813621,0.0,0.0,-0.017564625345962148
15.3,synthetic_1,13.093888368339144,80.28106947678431,12.01983702865653,7.20506713849785,16.847824656015426,0.02247404723858537,0.003967405731306121,9.81765879062559,0.0,0.0,-0.017685612689751773
15.350000000000001,synthetic_1,13.093892136582697,80.28106946308812,12.017518366643518,7.206252944180941,16.796986299241354,0.024956327287792845,0.0035036733287035445,9.810103340596987,0.0,0.0,-0.0178059091915439
15.4,synthetic_1,13.093895908520711,80.28106943564626,12.015155917837285,7.2075627712266295,16.74580431130856,0.027434707961635496,0.0030311835674570226,9.801984879424765,0.0,0.0,-0.017925510152272395
15.450000000000001,synthetic_1,13.093899684191436,80.28106939444689,12.012755587129508,7.208996414977104,16.69428069150694,0.029908802018177028,0.0025511174259017265,9.818627543085448,0.0,0.0,-0.018044410900039942
15.5,synthetic_1,13.09390346363265,80.28106933947866,12.01032337409689,7.210553651428447,16.642417452471346,0.03237822288525649,0.002064674819377966,9.789357334734671,0.0,0.0,-0.01816260679030124
15.55,synthetic_1,13.093907246881635,80.2810692707307,12.007865358005338,7.21223423726563,16.59021662010295,0.034842584720866654,0.0015730716010676025,9.801536768346832,0.0,0.0,-0.018280093206045067
15.600000000000001,synthetic_1,13.09391103397519,80.2810691881926,12.005387682614971,7.214037909900534,16.537680233490132,0.03730150247350572,0.001077536522994423,9.815490378265643,0.0,0.0,-0.018396865557971376
15.65,synthetic_1,13.093914824949612,80.28106909185449,12.00289654082392,7.21596438751298,16.484810344828816,0.03975459194228925,0.000579308164783948,9.810409919835285,0.0,0.0,-0.018512919284676133
15.700000000000001,synthetic_1,13.093918619840702,80.28106898170695,12.000398159189297,7.218013369094763,16.4316090193423,0.042201469836955496,7.963183785935568e-05,9.804403123903317,0.0,0.0,-0.01862824985282563
15.75,synthetic_1,13.093922418683743,80.28106885774105,11.997898782364057,7.220184534496676,16.378078335200605,0.04464175383780855,-0.00042024352718840794,9.805112237718088,0.0,0.0,-0.01874285275733467
15.8,synthetic_1,13.093926221513511,80.28106871994832,11.995404657488615,7.222477544478544,16.32422038343926,0.04707506265544836,-0.0009190685022768164,9.804314567797766,0.0,0.0,-0.018856723521540886
15.850000000000001,synthetic_1,13.093930028364264,80.28106856832082,11.992922018576245,7.224892040762221,16.27003726787767,0.04950101609033197,-0.0014155962847511561,9.815322409122903,0.0,0.0,-0.018969857697381243
15.9,synthetic_1,13.09393383926973,80.28106840285105,11.99045707093129,7.227427646087577,16.215531105036888,0.05191923509215712,-0.0019085858137418937,9.803606948159418,0.0,0.0,-0.019082250865568584
15.950000000000001,synthetic_1,13.093937654263112,80.28106822353199,11.988015975639147,7.2300839642714365,16.160704024056976,0.054329341819121524,-0.0023968048721705717,9.813429244604352,0.0,0.0,-0.019193898635757045
16.0,synthetic_1,13.093941473377074,80.28106803035712,11.985604834166747,7.232860580269489,16.10555816661381,0.05673095969696895,-0.002879033166650653,9.785779260711369,0.0,0.0,-0.0193047966467208
16.05,synthetic_1,13.09394529664374,80.28106782332038,11.983229673112072,7.235757060241133,16.050095686835434,0.059123713477786666,-0.003354065377585613,9.81894419534169,0.0,0.0,-0.019414940566521155
16.1,synthetic_1,13.093949124094696,80.28106760241621,11.980896429140799,7.238772951617268,15.994318751217913,0.06150722929865182,-0.003820714171840091,9.831065551126688,0.0,0.0,-0.019524326092673627
16.150000000000002,synthetic_1,13.093952955760964,80.28106736763952,11.978610934147728,7.241907783170999,15.938229538540698,0.06388113474007362,-0.004277813170454444,9.811646451254193,0.0,0.0,-0.019632948952320595
16.2,synthetic_1,13.09395679167302,80.28106711898566,11.976378900680077,7.245161065091275,15.881830239781536,0.0662450588841601,-0.004724219863984662,9.805784758230631,0.0,0.0,-0.01974080490239616
16.25,synthetic_1,13.093960631860778,80.28106685645051,11.974205907659094,7.248532289059415,15.825123058030854,0.0685986323725718,-0.005158818468181094,9.801299255240396,0.0,0.0,-0.019847889729789903
16.3,synthetic_1,13.093964476353586,80.2810665800304,11.972097386435662,7.252020928328532,15.768110208405734,0.07094148746424445,-0.0055805227128677935,9.813647681327726,0.0,0.0,-0.019954199251515092
16.35,synthetic_1,13.093968325180217,80.28106628972212,11.970058607214739,7.255626437805839,15.71079391796336,0.0732732580928186,-0.005988278557052371,9.800148260546068,0.0,0.0,-0.020059729314869656
16.400000000000002,synthetic_1,13.093972178368878,80.281065985523,11.968094665882603,7.259348254137814,15.653176425614044,0.0755935799238916,-0.006381066823479502,9.798462661133648,0.0,0.0,-0.020164475797597725
16.45,synthetic_1,13.093976035947186,80.28106566743077,11.966210471269784,7.263185795798228,15.595259982033756,0.07790209041191432,-0.006757905746043268,9.785360957115552,0.0,0.0,-0.020268434608054497
16.5,synthetic_1,13.09397989794218,80.28106533544367,11.964410732881543,7.2671384631790055,15.537046849576203,0.08019842885678585,-0.007117853423691231,9.809076081520208,0.0,0.0,-0.02037160168536223
16.55,synthetic_1,13.09398376438031,80.28106498956045,11.962699949126568,7.271205638683907,15.47853930218447,0.08248223646030617,-0.007460010174686368,9.803741741947638,0.0,0.0,-0.02047397299956899
16.6,synthetic_1,13.09398763528743,80.28106462978029,11.961082396073285,7.275386686825036,15.419739625302192,0.08475315638221126,-0.007783520785342985,9.804290324919114,0.0,0.0,-0.0205755445518091
16.650000000000002,synthetic_1,13.093991510688795,80.28106425610285,11.959562116761923,7.279680954322128,15.360650115784267,0.08701083379584418,-0.008087576647615507,9.806626902852782,0.0,0.0,-0.02067631237445522
16.7,synthetic_1,13.093995390609061,80.28106386852832,11.958142911099012,7.2840877702046205,15.301273081807153,0.0892549159437106,-0.008371417780197468,9.799568822306188,0.0,0.0,-0.020776272531278783
16.75,synthetic_1,13.093999275072276,80.28106346705731,11.956828326359604,7.288606445916499,15.24161084277868,0.09148505219257252,-0.008634334728079056,9.808523515975988,0.0,0.0,-0.02087542111759988
16.8,synthetic_1,13.094003164101876,80.28106305169094,11.955621648320925,7.293236275423878,15.181665729247479,0.0937008940881423,-0.008875670335815046,9.795850778298766,0.0,0.0,-0.020973754260437127
16.85,synthetic_1,13.094007057720686,80.28106262243082,11.954525893049643,7.297976535325313,15.121440082811922,0.09590209540964345,-0.009094821390071253,9.805496101114613,0.0,0.0,-0.02107126811866533
16.900000000000002,synthetic_1,13.094010955950907,80.28106217927902,11.953543799363281,7.302826484964842,15.060936256028668,0.09808831222385628,-0.009291240127343697,9.80383582651674,0.0,0.0,-0.021167958883161475
16.95,synthetic_1,13.094014858814118,80.2810617222381,11.95267782198459,7.307785366547699,15.00015661232076,0.10025920293884383,-0.00946443560308209,9.78956704156683,0.0,0.0,-0.021263822776956265
17.0,synthetic_1,13.094018766331276,80.28106125131113,11.951930125406022,7.3128524052587265,14.939103525885296,0.10241442835734915,-0.009613974918795568,9.794530293002108,0.0,0.0,-0.02135885605537846
17.05,synthetic_1,13.094022678522702,80.28106076650164,11.951302578479632,7.318026809383434,14.8777793816007,0.10455365172977515,-0.009739484304073407,9.80072508546047,0.0,0.0,-0.021453055006200317
17.1,synthetic_1,13.094026595408087,80.28106026781364,11.950796749745917,7.323307770431704,14.816186574933566,0.10667653880684469,-0.009840650050816434,9.801025797018916,0.0,0.0,-0.02154641594978912
17.150000000000002,synthetic_1,13.094030517006479,80.28105975525166,11.950413903513281,7.328694463264118,14.75432751184507,0.10878275789174552,-0.009917219297343894,9.80924198847899,0.0,0.0,-0.021638935239244872
17.2,synthetic_1,13.094034443336287,80.2810592288207,11.95015499669792,7.3341860462208786,14.692204608697004,0.11087197989205322,-0.009969000660415962,9.8026000661165,0.0,0.0,-0.021730609260544043
17.25,synthetic_1,13.094038374415279,80.28105868852626,11.95002067643204,7.3397816612533235,14.629820292157362,0.11294387837107678,-0.009995864713592172,9.806138378991466,0.0,0.0,-0.021821434432682807
17.3,synthetic_1,13.09404231026057,80.28105813437433,11.950011278446349,7.345480434057986,14.567176999105584,0.11499812959887556,-0.009997744310730111,9.802561878367841,0.0,0.0,-0.021911407207814704
17.35,synthetic_1,13.094046250888622,80.2810575663714,11.950126826230921,7.351281474213211,14.504277176537332,0.11703441260289438,-0.00997463475381581,9.780748648311178,0.0,0.0,-0.02200052407138775
17.400000000000002,synthetic_1,13.094050196315246,80.28105698452445,11.950367030976468,7.357183875318276,14.441123281468936,0.11905240921804783,-0.009926593804706327,9.805416039772703,0.0,0.0,-0.02208878154228433
17.45,synthetic_1,13.094054146555596,80.28105638884098,11.950731292296224,7.363186715135016,14.377717780841394,0.12105180413646721,-0.009853741540755202,9.79822829968885,0.0,0.0,-0.022176176172963302
17.5,synthetic_1,13.09405810162416,80.28105577932898,11.951218699726592,7.369289055731922,14.314063151423998,0.12303228495677665,-0.009756260054681576,9.805051545354727,0.0,0.0,-0.02226270454958157
17.55,synthetic_1,13.094062061534766,80.28105515599694,11.951828035002833,7.3754899436306935,14.250161879717623,0.12499354223288073,-0.00963439299943326,9.798989216042969,0.0,0.0,-0.022348363292132578
17.6,synthetic_1,13.094066026300576,80.28105451885386,11.952557775104093,7.3817884099552105,14.18601646185757,0.12693526952229917,-0.00948844497918124,9.813206766573403,0.0,0.0,-0.02243314905458399
17.650000000000002,synthetic_1,13.094069995934076,80.28105386790928,11.95340609606016,7.3881834705829235,14.121629403516067,0.12885716343409293,-0.009318780787967886,9.806190863525575,0.0,0.0,-0.02251705852500202
17.7,synthetic_1,13.09407397044709,80.28105320317317,11.95437087751044,7.39467412629862,14.0570032198044,0.1307589236762663,-0.009125824497911845,9.81373271214899,0.0,0.0,-0.02260008842568606
17.75,synthetic_1,13.094077949850758,80.28105252465612,11.955449708003757,7.40125936295055,13.99214043517464,0.13264025310264493,-0.008910058399248534,9.814463918274537,0.0,0.0,-0.022682235513290794
17.8,synthetic_1,13.09408193415555,80.28105183236917,11.956639891025722,7.407938151608884,13.927043583321069,0.1345008577593365,-0.008672021794855813,9.800983585323207,0.0,0.0,-0.022763496578953046
17.85,synthetic_1,13.094085923371253,80.28105112632389,11.957938451738611,7.414709448726484,13.86171520708119,0.1363404469306495,-0.008412309652277598,9.814802732069523,0.0,0.0,-0.022843868448425286
17.900000000000002,synthetic_1,13.094089917506972,80.2810504065324,11.959342144416926,7.421572196301949,13.796157858336386,0.1381587331844969,-0.008131571116614864,9.808937355587215,0.0,0.0,-0.02292334798219081
17.95,synthetic_1,13.094093916571127,80.2810496730073,11.960847460559995,7.428525322044933,13.730374097912264,0.13995543241737352,-0.007830507888000987,9.796070514155604,0.0,0.0,-0.023001932075590592
18.0,synthetic_1,13.094097920571457,80.28104892576178,11.962450637661416,7.4355677395436865,13.664366495478593,0.14173026389867616,-0.007509872467716761,9.80549026349386,0.0,0.0,-0.02307961765894484
18.05,synthetic_1,13.09410192951501,80.28104816480952,11.964147668613354,7.442698348434801,13.59813762944895,0.14348295031459735,-0.007170466277329218,9.807590693201726,0.0,0.0,-0.023156401697667917
18.1,synthetic_1,13.09410594340814,80.28104739016473,11.965934311722226,7.449916034575146,13.531690086879998,0.1452132178114507,-0.0068131376555549995,9.819349176973686,0.0,0.0,-0.02323228119239379
18.150000000000002,synthetic_1,13.094109962256518,80.28104660184218,11.967806101310723,7.457219670215946,13.465026463370418,0.14692079603843666,-0.0064387797378553935,9.803164333760787,0.0,0.0,-0.02330725317908927
18.2,synthetic_1,13.094113986065118,80.28104579985718,11.969758358879686,7.46460811417899,13.39814936295953,0.1486054181899643,-0.006048328224062842,9.822358644989583,0.0,0.0,-0.023381314729172264
18.25,synthetic_1,13.094118014838216,80.2810449842256,11.971786204801907,7.4720802120349425,13.331061398025554,0.15026682104724465,-0.005642759039618552,9.814348791459606,0.0,0.0,-0.023454462949622223
18.3,synthetic_1,13.094122048579395,80.28104415496382,11.973884570518663,7.479634796283714,13.263765189183598,0.15190474501944884,-0.005223085896267315,9.78550742292594,0.0,0.0,-0.023526694983094787
18.35,synthetic_1,13.094126087291544,80.2810433120888,11.97604821120847,7.487270686536887,13.19626336518326,0.15351893418428908,-0.004790357758305961,9.79629424043443,0.0,0.0,-0.02359800800803641
18.400000000000002,synthetic_1,13.094130130976845,80.28104245561806,11.978271718896405,7.494986689702143,13.128558562805956,0.15510913632798662,-0.004345656220718935,9.81251547877298,0.0,0.0,-0.023668399238789828
18.45,synthetic_1,13.09413417963679,80.28104158556968,11.98054953597123,7.502781600169686,13.06065342676193,0.15667510298471576,-0.0038900928057541547,9.79209665801391,0.0,0.0,-0.023737865925708146
18.5,synthetic_1,13.09413823327216,80.2810407019623,11.982875969076519,7.510654200000615,12.992550609586909,0.1582165894753551,-0.0034248061846961254,9.811411825510508,0.0,0.0,-0.023806405355257798
18.55,synthetic_1,13.094142291883044,80.28103980481511,11.985245203341096,7.518603259117222,12.924252771538537,0.1597333549457769,-0.002950959331780938,9.820476155601758,0.0,0.0,-0.023874014850125413
18.6,synthetic_1,13.09414635546882,80.2810388941479,11.987651316913169,7.526627535495193,12.855762580492424,0.16122516240447027,-0.002469736617366209,9.8039683872721,0.0,0.0,-0.023940691769323286
18.650000000000002,synthetic_1,13.094150424028172,80.28103796998103,11.99008829576189,7.534725775357669,12.787082711837956,0.16269177875954277,-0.0019823408476220307,9.820726926838914,0.0,0.0,-0.024006433508292346
18.7,synthetic_1,13.094154497559073,80.28103703233542,11.99255004870929,7.542896713371147,12.718215848373767,0.16413297485518008,-0.001489990258141988,9.819889345560687,0.0,0.0,-0.024071237499005693
18.75,synthetic_1,13.094158576058792,80.28103608123263,11.995030422655057,7.551139072843187,12.649164680202949,0.1655485255074307,-0.0009939154689884817,9.80608657820327,0.0,0.0,-0.024135101210066012
18.8,synthetic_1,13.0941626595239,80.28103511669474,11.997523217956081,7.55945156592189,12.57993190462798,0.16693820953937788,-0.0004953564087836742,9.806316405360086,0.0,0.0,-0.024198022146803555
18.85,synthetic_1,13.094166747950254,80.28103413874446,12.000022203922333,7.567832893797124,12.510520226045355,0.1683018098157163,4.440784466461913e-06,9.8084623852035,0.0,0.0,-0.024259997851377446
18.900000000000002,synthetic_1,13.094170841333018,80.2810331474051,12.00252113439034,7.576281746903462,12.440932355839943,0.1696391132766717,0.0005042268780681477,9.811098946542868,0.0,0.0,-0.024321025902869498
18.95,synthetic_1,13.094174939666642,80.28103214270058,12.005013763335354,7.584796805124792,12.371171012279078,0.1709499109713164,0.0010027526670709096,9.791075417423226,0.0,0.0,-0.024381103917380798
19.0,synthetic_1,13.094179042944875,80.28103112465539,12.007493860483148,7.593376738000593,12.301238920406362,0.17223399809017437,0.0014987720966295234,9.805200831741798,0.0,0.0,-0.02444022954812136
19.05,synthetic_1,13.09418315116076,80.28103009329467,12.00995522688246,7.602020204933809,12.23113881193525,0.17349117399724,0.0019910453764919824,9.789917457704197,0.0,0.0,-0.024498400485502003
19.1,synthetic_1,13.094187264306639,80.28102904864417,12.012391710399148,7.610725855400317,12.160873425142311,0.1747212422613309,0.0024783420798295984,9.803198667749706,0.0,0.0,-0.024555614457228703
19.150000000000002,synthetic_1,13.094191382374147,80.28102799073024,12.014797221093316,7.619492329159942,12.090445504760286,0.17592401068677432,0.002959444218663245,9.804455946634478,0.0,0.0,-0.024611869228388372
19.200000000000003,synthetic_1,13.09419550535422,80.28102691957986,12.017165746440995,7.628318256468995,12.019857801870856,0.17709929134347213,0.003433149288198987,9.788475705888235,0.0,0.0,-0.024667162601534898
19.25,synthetic_1,13.09419963323709,80.28102583522067,12.019491366362319,7.637202258294289,11.949113073797196,0.17824690059621062,0.0038982732724637858,9.79401463016784,0.0,0.0,-0.024721492416779345
19.3,synthetic_1,13.094203766012287,80.28102473768094,12.021768268018645,7.646142946528616,11.878214083996243,0.17936665913337535,0.004353653603728932,9.802669101425188,0.0,0.0,-0.024774856551871005
19.35,synthetic_1,13.094207903668643,80.28102362698952,12.023990760341619,7.655138924207627,11.807163601950773,0.18045839199497316,0.0047981520683237225,9.828253451067555,0.0,0.0,-0.024827252922277887
19.400000000000002,synthetic_1,13.09421204619429,80.28102250317599,12.026153288257884,7.664188785728113,11.735964403061207,0.18152192859995253,0.005230657651576994,9.792782631868644,0.0,0.0,-0.0248786794812747
19.450000000000003,synthetic_1,13.09421619357666,80.28102136627052,12.028250446573876,7.673291117067622,11.664619268537196,0.1825571027728934,0.00565008931477517,9.807895523542642,0.0,0.0,-0.02492913422001697
19.5,synthetic_1,13.094220345802492,80.28102021630397,12.03027699348598,7.682444496005402,11.593130985288994,0.18356375276995074,0.006055398697196011,9.797714504538721,0.0,0.0,-0.024978615167624008
19.55,synthetic_1,13.094224502857829,80.28101905330784,12.032227863682323,7.691647492344617,11.521502345818565,0.18454172130408786,0.006445572736464569,9.802899573142499,0.0,0.0,-0.02502712039125332
19.6,synthetic_1,13.09422866472802,80.28101787731431,12.034098181003406,7.700898668135811,11.449736148110532,0.18549085556972322,0.0068196362006813565,9.816501755697159,0.0,0.0,-0.02507464799617415
19.650000000000002,synthetic_1,13.094232831397719,80.28101668835623,12.035883270629972,7.7101965779015895,11.37783519552287,0.18641100726655147,0.007176654125994315,9.809754747436335,0.0,0.0,-0.02512119612584518
19.700000000000003,synthetic_1,13.094237002850896,80.2810154864671,12.037578670767607,7.719539768862466,11.305802296677399,0.1873020326227426,0.007515734153521506,9.810907785992569,0.0,0.0,-0.02516676296198672
19.75,synthetic_1,13.09424117907083,80.28101427168113,12.039180143798918,7.728926781163864,11.23364026535007,0.18816379241741288,0.007836028759783554,9.811537587329322,0.0,0.0,-0.025211346724651473
19.8,synthetic_1,13.094245360040112,80.2810130440332,12.040683686875354,7.738356148104208,11.16135192036105,0.188996152002332,0.008136737375071054,9.812404995998458,0.0,0.0,-0.025254945672290308
19.85,synthetic_1,13.094249545740656,80.2810118035589,12.042085541922258,7.747826396364097,11.088940085464628,0.1897989813230172,0.008417108384451784,9.78503432996136,0.0,0.0,-0.025297558101825268
19.900000000000002,synthetic_1,13.09425373615369,80.2810105502945,12.043382205032083,7.757336046236509,11.016407589238893,0.19057215493901047,0.008676441006416692,9.81051046225327,0.0,0.0,-0.025339182348713407
19.950000000000003,synthetic_1,13.094257931259758,80.28100928427698,12.044570435222344,7.766883611857998,10.943757264975261,0.19131555204349837,0.008914087044468683,9.805799150209214,0.0,0.0,-0.025379816787011733
20.0,synthetic_1,13.09426213103874,80.28100800554401,12.04564726253638,7.776467601440859,10.870991950567788,0.19202905648223023,0.009129452507276276,9.810624511569548,0.0,0.0,-0.025419459829445212
20.05,synthetic_1,13.094266335469833,80.281006714134,12.046609995466714,7.786086517506221,10.798114488402307,0.19271255677156596,0.00932199909334265,9.815013769172621,0.0,0.0,-0.025458109927461725
20.1,synthetic_1,13.094270544531566,80.28100541008605,12.047456227682394,7.795738857118016,10.725127725245422,0.19336594611597313,0.009491245536478947,9.81080662806006,0.0,0.0,-0.025495765571296458
20.150000000000002,synthetic_1,13.0942747582018,80.28100409344,12.048183844043596,7.805423112117818,10.652034512133284,0.193989122424707,0.009636768808719165,9.81355401682028,0.0,0.0,-0.025532425290030192
20.200000000000003,synthetic_1,13.094278976457732,80.28100276423643,12.048791025888349,7.815137769360486,10.57883770426024,0.19458198832772666,0.009758205177669763,9.794935417653432,0.0,0.0,-0.0255680876516462
20.25,synthetic_1,13.094283199275896,80.28100142251662,12.049276255578256,7.824881310950591,10.505540160867294,0.19514445119094503,0.009855251115651198,9.81112806846483,0.0,0.0,-0.025602751263091028
20.3,synthetic_1,13.094287426632171,80.28100006832263,12.049638320291795,7.834652214479581,10.432144745130405,0.19567642313068845,0.009927664058359072,9.80555730574176,0.0,0.0,-0.02563641477032086
20.35,synthetic_1,13.094291658501778,80.28099870169721,12.049876315055743,7.84444895326366,10.358654324048672,0.19617782102742787,0.009975263011148544,9.805785068433856,0.0,0.0,-0.025669076858357287
20.400000000000002,synthetic_1,13.094295894859286,80.28099732268392,12.049989645007134,7.854269996582324,10.285071768332324,0.1966485665387463,0.009997929001426693,9.819651347266845,0.0,0.0,-0.025700736251343115
20.450000000000003,synthetic_1,13.09430013567862,80.28099593132703,12.04997802688011,7.8641138099175345,10.211399952290588,0.19708858611162228,0.009995605376022045,9.80176329068612,0.0,0.0,-0.025731391712586205
20.5,synthetic_1,13.094304380933062,80.2809945276716,12.04984148971394,7.873978855193486,10.137641753719414,0.1974978109938963,0.009968297942787993,9.799983944556471,0.0,0.0,-0.025761042044613602
20.55,synthetic_1,13.094308630595247,80.28099311176342,12.049580374780431,7.883863591016924,10.063800053789045,0.19787617724500883,0.009916074956086181,9.793514320778039,0.0,0.0,-0.02578968608921317
20.6,synthetic_1,13.094312884637183,80.2809916836491,12.04919533473093,7.893766472917987,9.989877736931499,0.19822362574600128,0.009839066946186161,9.803693989011046,0.0,0.0,-0.02581732272747772
20.650000000000002,synthetic_1,13.094317143030242,80.28099024337598,12.048687331965038,7.903685953591524,9.91587769072788,0.19854010220876184,0.009737466393007686,9.817356862543683,0.0,0.0,-0.025843950879855804
20.700000000000003,synthetic_1,13.094321405745172,80.28098879099223,12.048057636225106,7.913620483138863,9.841802805795584,0.19882555718448103,0.009611527245021156,9.789972103732714,0.0,0.0,-0.025869569506188073
20.75,synthetic_1,13.09432567275209,80.28098732654674,12.047307821422544,7.923568509309972,9.767655975675389,0.19907994607139656,0.009461564284508709,9.80916218015368,0.0,0.0,-0.025894177605752244
20.8,synthetic_1,13.094329944020508,80.28098585008924,12.046439761703862,7.933528477746003,9.693440096718406,0.19930322912177445,0.009287952340772404,9.781322382501282,0.0,0.0,-0.025917774217296963
20.85,synthetic_1,13.094334219519311,80.28098436167026,12.045455626766282,7.94349883222215,9.619158067972979,0.19949537144808183,0.00909112535325624,9.799747412308896,0.0,0.0,-0.025940358419080933
20.900000000000002,synthetic_1,13.094338499216787,80.28098286134112,12.044357876434617,7.953478014890811,9.544812791071408,0.19965634302845814,0.008871575286923495,9.811024919341046,0.0,0.0,-0.02596192932891317
20.950000000000003,synthetic_1,13.094342783080611,80.28098134915393,12.043149254513002,7.963464466524996,9.470407170116616,0.19978611871144025,0.008629850902600534,9.80126440172479,0.0,0.0,-0.025982486104180746
21.0,synthetic_1,13.094347071077866,80.28097982516164,12.041832781926804,7.973456626761955,9.39594411156872,0.1998846782198438,0.00836655638536056,9.794629645962274,0.0,0.0,-0.026002027941889605
21.05,synthetic_1,13.094351363175036,80.28097828941799,12.040411749171877,7.98345293434698,9.321426524131464,0.19995200615394282,0.008082349834375502,9.802967660726397,0.0,0.0,-0.02602055407868953
21.1,synthetic_1,13.094355659338019,80.28097674197757,12.038889708090055,7.993451827377349,9.246857318638638,0.1999880919938768,0.007777941618010929,9.816541086013178,0.0,0.0,-0.026038063790903843
21.150000000000002,synthetic_1,13.094359959532131,80.28097518289579,12.037270462991374,8.003451743546368,9.172239407940346,0.19999293010132035,0.007454092598275017,9.821569350114757,0.0,0.0,-0.026054556394561612
21.200000000000003,synthetic_1,13.094364263722111,80.28097361222888,12.035558061145299,8.013451120387481,9.097575706789241,0.19996651972030932,0.0071116122290598,9.821772105736102,0.0,0.0,-0.026070031245422065
21.25,synthetic_1,13.09436857187212,80.28097203003391,12.03375678266464,8.023448395518399,9.022869131726658,0.19990886497740945,0.00675135653292801,9.813472885460452,0.0,0.0,-0.02608448773900346
21.3,synthetic_1,13.094372883945763,80.2809704363688,12.031871129807511,8.033442006885222,8.948122600968677,0.1998199748810947,0.006374225961502389,9.810255792800392,0.0,0.0,-0.026097925310600012
21.35,synthetic_1,13.094377199906074,80.28096883129233,12.029905815724028,8.043430393006508,8.873339034292155,0.19969986332023737,0.005981163144805719,9.81650838306354,0.0,0.0,-0.02611034343530716
21.400000000000002,synthetic_1,13.09438151971554,80.28096721486409,12.027865752675883,8.053411993217246,8.798521352920655,0.19954854906201192,0.005573150535176584,9.795086279630468,0.0,0.0,-0.02612174162804376
21.450000000000003,synthetic_1,13.094385843336099,80.28096558714456,12.025756039758251,8.06338524791271,8.723672479410345,0.19936605574896404,0.0051512079516502,9.796957973593818,0.0,0.0,-0.02613211944356819
21.5,synthetic_1,13.09439017072914,80.28096394819508,12.02358195015471,8.073348598792142,8.648795337535834,0.19915241189533361,0.004716390030941962,9.819565560022703,0.0,0.0,-0.026141476476501113
21.55,synthetic_1,13.094394501855525,80.28096229807784,12.021348917957024,8.083300489102243,8.573892852175941,0.19890765088252493,0.004269783591404784,9.815212732840786,0.0,0.0,-0.026149812361334346
21.6,synthetic_1,13.09439883667558,80.2809606368559,12.019062524582747,8.093239363880395,8.498967949199486,0.19863181095393756,0.0038125049165494015,9.815400821643655,0.0,0.0,-0.02615712677244586
21.650000000000002,synthetic_1,13.094403175149113,80.28095896459321,12.016728484824585,8.103163670197636,8.424023555350962,0.19832493520899774,0.003345696964916824,9.808868258040317,0.0,0.0,-0.02616341942411865
21.700000000000003,synthetic_1,13.094407517235412,80.28095728135459,12.014352632566386,8.113071857401295,8.349062598136225,0.19798707159640827,0.0028705265132772505,9.798400051161552,0.0,0.0,-0.026168690070547118
21.75,synthetic_1,13.094411862893255,80.28095558720572,12.01194090620148,8.122962377357277,8.274088005708137,0.19761827290670553,0.0023881812402958276,9.795848978180222,0.0,0.0,-0.02617293850584762
21.8,synthetic_1,13.094416212080919,80.28095388221323,12.009499333789773,8.132833684691965,8.199102706752175,0.1972185967639284,0.0018998667579543775,9.81603046907328,0.0,0.0,-0.02617616456406624
21.85,synthetic_1,13.094420564756184,80.28095216644456,12.007034017990748,8.14268423703367,8.124109630372047,0.19678810561662985,0.001406803598149522,9.817478266136218,0.0,0.0,-0.026178368119184614
21.900000000000002,synthetic_1,13.09442492087634,80.2809504399681,12.004551120809992,8.152512495253628,8.049111705975264,0.19632686672819588,0.0009102241619984434,9.795445268498133,0.0,0.0,-0.02617954908512715
21.950000000000003,synthetic_1,13.094429280398199,80.28094870285312,12.00205684819739,8.16231692370649,7.9741118631587105,0.19583495216624058,0.00041136963947794865,9.799254858931082,0.0,0.0,-0.02617970741576131
22.0,synthetic_1,13.094433643278093,80.28094695516981,11.999557434535479,8.172095990470252,7.899113031594217,0.19531243879145066,-8.851309290403876e-05,9.805621068480301,0.0,0.0,-0.026178843104904537
22.05,synthetic_1,13.094438009471887,80.28094519698922,11.997059127056747,8.181848167585635,7.824118140914092,0.19475940824547067,-0.0005881745886505293,9.815396378411462,0.0,0.0,-0.02617695618631871
22.1,synthetic_1,13.09444237893499,80.28094342838338,11.994568170228796,8.1915719312948,7.749130120596724,0.1941759469381843,-0.0010863659542407977,9.803244615674979,0.0,0.0,-0.026174046733709322
22.150000000000002,synthetic_1,13.094446751622357,80.28094164942517,11.992090790146431,8.201265762279453,7.67415189985212,0.1935621460342496,-0.001581841970713916,9.79812773504992,0.0,0.0,-0.026170114860727678
22.200000000000003,synthetic_1,13.094451127488494,80.28093986018843,11.989633178969662,8.210928145898224,7.599186407507494,0.19291810143876376,-0.0020733642060676225,9.816534189369436,0.0,0.0,-0.0261651607209612
22.25,synthetic_1,13.094455506487474,80.28093806074789,11.987201479446533,8.22055757242333,7.524236571892865,0.19224391378243055,-0.0025597041106933307,9.812622736347853,0.0,0.0,-0.026159184507932032
22.3,synthetic_1,13.094459888572938,80.28093625117923,11.984801769559448,8.230152537276467,7.449305320726643,0.19153968840571522,-0.0030396460881104703,9.799707443555489,0.0,0.0,-0.026152186455085102
22.35,synthetic_1,13.094464273698106,80.28093443155903,11.982440047333379,8.239711541263901,7.374395581001307,0.1908055353423599,-0.003511990533324415,9.800056457879364,0.0,0.0,-0.026144166835779248
22.400000000000002,synthetic_1,13.094468661815787,80.28093260196482,11.980122215843927,8.249233090810703,7.299510278869039,0.19004156930227722,-0.003975556831214361,9.817749761176533,0.0,0.0,-0.026135125963280825
22.450000000000003,synthetic_1,13.094473052878376,80.28093076247508,11.977854068462719,8.258715698194129,7.22465233952743,0.1892479096536448,-0.004429186307456245,9.793841251836492,0.0,0.0,-0.026125064190746783
22.5,synthetic_1,13.09447744683788,80.28092891316918,11.975641274376974,8.268157881776068,7.149824687105224,0.1884246804041645,-0.004871745124605096,9.803721241604363,0.0,0.0,-0.0261139819112155
22.55,synthetic_1,13.09448184364591,80.28092705412745,11.973489364419509,8.277558166234545,7.075030244548067,0.18757201018171799,-0.005302127116098279,9.81114307600014,0.0,0.0,-0.026101879557587776
22.6,synthetic_1,13.094486243253698,80.28092518543119,11.971403717244522,8.28691508279424,7.000271933504366,0.18669003221429392,-0.0057192565510956386,9.808293861884154,0.0,0.0,-0.026088757602607676
22.650000000000002,synthetic_1,13.0944906456121,80.28092330716258,11.969389545883768,8.296227169455975,6.925552674211141,0.18577888430915124,-0.006122090823246492,9.815944147513289,0.0,0.0,-0.026074616558851016
22.700000000000003,synthetic_1,13.094495050671611,80.28092141940482,11.967451884716688,8.305492971225155,6.850875385379957,0.18483870883128972,-0.006509623056662496,9.789539863952857,0.0,0.0,-0.026059456978699685
22.75,synthetic_1,13.094499458382371,80.280919522242,11.965595576887084,8.314711040339104,6.776242984082918,0.18386965268124555,-0.006880884622582969,9.806826089309993,0.0,0.0,-0.02604327945432458
22.8,synthetic_1,13.094503868694165,80.28091761575921,11.963825262197787,8.32387993649328,6.7016583856387,0.18287186727205196,-0.00723494756044245,9.809661619801716,0.0,0.0,-0.0260260846176584
22.85,synthetic_1,13.094508281556447,80.28091570004244,11.962145365513557,8.332998227066309,6.6271245034987,0.18184550850563141,-0.007570926897288676,9.809985966362236,0.0,0.0,-0.026007873140370397
22.900000000000002,synthetic_1,13.094512696918336,80.28091377517866,11.960560085701228,8.342064487343842,6.552644249133212,0.18079073674847734,-0.007887982859754186,9.81241913872947,0.0,0.0,-0.02598864573384499
22.950000000000003,synthetic_1,13.094517114728632,80.28091184125581,11.959073385134738,8.351077300741157,6.478220531917701,0.17970771680651865,-0.008185322973052373,9.7949813283307,0.0,0.0,-0.025968403149149027
23.0,synthetic_1,13.094521534935819,80.28090989836278,11.957688979791241,8.360035259024494,6.4038562590191646,0.1785966178994336,-0.008462204041751707,9.821101449292492,0.0,0.0,-0.025947146177007913
23.05,synthetic_1,13.094525957488079,80.28090794658941,11.956410329963113,8.3689369625311,6.329554335282545,0.17745761363416435,-0.008717934007377352,9.81119042949303,0.0,0.0,-0.025924875647769796
23.1,synthetic_1,13.094530382333302,80.2809059860265,11.955240631609016,8.37778102038791,6.255317663117295,0.17629088197779197,-0.008951873678196817,9.812256300493582,0.0,0.0,-0.02590159243137241
23.150000000000002,synthetic_1,13.094534809419084,80.28090401676582,11.954182808365667,8.386566050728879,6.1811491423839815,0.175096605229772,-0.00916343832686648,9.80088134381996,0.0,0.0,-0.02587729743731379
23.200000000000003,synthetic_1,13.094539238692752,80.28090203890011,11.953239504240273,8.395290680910888,6.107051670281017,0.17387496999340613,-0.009352099151945402,9.808457500653896,0.0,0.0,-0.025851991614613823
23.25,synthetic_1,13.094543670101361,80.28090005252305,11.952413077001882,8.40395354772822,6.033028141231485,0.17262616714672774,-0.009517384599623535,9.819954609379366,0.0,0.0,-0.025825675951779703
23.3,synthetic_1,13.094548103591707,80.28089805772932,11.951705592288196,8.41255329762556,5.959081446770068,0.1713503918126591,-0.009658881542360704,9.806498205132476,0.0,0.0,-0.02579835147676332
23.35,synthetic_1,13.094552539110339,80.28089605461453,11.951118818442549,8.421088586909486,5.885214475430121,0.17004784332849354,-0.009776236311490237,9.80860357399804,0.0,0.0,-0.02577001925692199
23.400000000000002,synthetic_1,13.094556976603563,80.28089404327528,11.950654222093968,8.42955808195841,5.81143011263082,0.16871872521473819,-0.009869155581206494,9.809817161219968,0.0,0.0,-0.02574068039898028
23.450000000000003,synthetic_1,13.094561416017456,80.28089202380914,11.950312964491367,8.43796045943096,5.737731240564452,0.1673632451434237,-0.009937407101726602,9.790319398632874,0.0,0.0,-0.025710336048982707
23.5,synthetic_1,13.09456585729787,80.28088999631463,11.950095898601031,8.446294406472752,5.664120738083843,0.16598161490557928,-0.009980820279793964,9.804924403183666,0.0,0.0,-0.02567898739225305
23.55,synthetic_1,13.094570300390448,80.28088796089125,11.950003566974637,8.454558620921517,5.590601480589877,0.1645740503780857,-0.009999286605072563,9.81358016512069,0.0,0.0,-0.025646635653344824
23.6,synthetic_1,13.09457474524063,80.28088591763945,11.95003620039317,8.46275181151056,5.517176339919203,0.16314077149003126,-0.009992759921366277,9.801764545032551,0.0,0.0,-0.02561328209599173
23.650000000000002,synthetic_1,13.09457919179366,80.28088386666066,11.950193717290073,8.47087269807052,5.443848184232045,0.16168200218835693,-0.00996125654198534,9.806228307377376,0.0,0.0,-0.025578928023063247
23.700000000000003,synthetic_1,13.0945836399946,80.28088180805729,11.950475723955142,8.478920011729397,5.370619877900159,0.1601979704027734,-0.00990485520897156,9.80632252473116,0.0,0.0,-0.025543574776510924
23.75,synthetic_1,13.094588089788335,80.28087974193268,11.95088151551858,8.486892495110798,5.297494281394955,0.15868890801023383,-0.009823696896284232,9.79085055976648,0.0,0.0,-0.02550722373731759
23.8,synthetic_1,13.094592541119587,80.28087766839117,11.951410077712806,8.49478890253042,5.224474251175739,0.15715505079867853,-0.009717984457438633,9.814693077859756,0.0,0.0,-0.025469876325441287
23.85,synthetic_1,13.094596993932923,80.28087558753806,11.95206008940761,8.502608000190666,5.151562639578159,0.1555966384301577,-0.009587982118477906,9.793109558930716,0.0,0.0,-0.02543153399975906
23.900000000000002,synthetic_1,13.09460144817276,80.2808734994796,11.952829925912273,8.510348566373436,5.0787622947027735,0.1540139144034569,-0.009434014817545543,9.810876679414848,0.0,0.0,-0.025392198258013393
23.950000000000003,synthetic_1,13.094605903783386,80.28087140432298,11.953717663036453,8.518009391631011,5.006076060303798,0.15240712601595874,-0.009256467392709257,9.805314033916341,0.0,0.0,-0.02535187063675115
24.0,synthetic_1,13.094610360708954,80.28086930217643,11.954721081899669,8.525589278975032,4.933506775678025,0.1507765243250958,-0.00905578362006624,9.80323876146564,0.0,0.0,-0.025310552711266948
24.05,synthetic_1,13.094614818893506,80.28086719314904,11.95583767447733,8.533087044063521,4.861057275553898,0.14912236410905777,-0.008832465104533982,9.807317807947305,0.0,0.0,-0.025268246095536823
24.1,synthetic_1,13.094619278280975,80.28086507735094,11.957064649869503,8.540501515385937,4.788730389980808,0.1474449038270187,-0.008587070026099295,9.814186795486545,0.0,0.0,-0.0252249524421555
24.150000000000002,synthetic_1,13.094623738815192,80.28086295489317,11.958398941276705,8.547831534446223,4.716528944218525,0.1457444055787427,-0.008320211744658978,9.814784591027696,0.0,0.0,-0.025180673442277007
24.200000000000003,synthetic_1,13.094628200439908,80.28086082588773,11.959837213665303,8.555075955943812,4.644455758626845,0.1440211350635856,-0.008032557266939527,9.802346586554389,0.0,0.0,-0.02513541082554291
24.25,synthetic_1,13.094632663098787,80.2808586904476,11.961375872103362,8.562233647952581,4.57251364855542,0.14227536153910592,-0.007724825579327704,9.80500536323294,0.0,0.0,-0.025089166360020704
24.3,synthetic_1,13.094637126735432,80.28085654868669,11.963011070746106,8.569303492097722,4.500705424233765,0.14050735777885848,-0.007397785850778934,9.798055709133905,0.0,0.0,-0.025041941852129018
24.35,synthetic_1,13.09464159129338,80.28085440071985,11.964738722448521,8.576284383730467,4.429033890661519,0.1387174000297975,-0.00705225551029561,9.792035011696159,0.0,0.0,-0.02499373914656655
24.400000000000002,synthetic_1,13.094646056716122,80.28085224666287,11.9665545089811,8.583175232100702,4.357501847498848,0.13690576796919984,-0.006689098203780216,9.81615939382897,0.0,0.0,-0.02494456012624699
24.450000000000003,synthetic_1,13.094650522947113,80.28085008663251,11.968453891823149,8.589974960527387,4.286112088957092,0.13507274466087793,-0.006309221635370375,9.795677470728522,0.0,0.0,-0.024894406712218514
24.5,synthetic_1,13.09465498992977,80.28084792074647,11.970432123506743,8.59668250656679,4.214867403689621,0.13321861651103717,-0.005913575298651243,9.799296996544786,0.0,0.0,-0.024843280863594275
24.55,synthetic_1,13.094659457607495,80.28084574912336,11.97248425948292,8.603296822178491,4.143770574682884,0.13134367322338747,-0.005503148103415938,9.81044404191371,0.0,0.0,-0.024791184577471065
24.6,synthetic_1,13.09466392592368,80.28084357188273,11.97460517048047,8.609816873889129,4.072824379147731,0.129448207754006,-0.005078965903906221,9.793173088136337,0.0,0.0,-0.024738119888851468
24.650000000000002,synthetic_1,13.09466839482171,80.28084138914505,11.976789555326445,8.616241642953891,4.002031588410901,0.12753251626554274,-0.004642088934711048,9.81145095738596,0.0,0.0,-0.024684088870569748
24.700000000000003,synthetic_1,13.094672864244988,80.28083920103177,11.979031954196339,8.622570125515683,3.9313949678067814,0.12559689808087526,-0.004193609160732282,9.798212534827462,0.0,0.0,-0.024629093633204285
24.75,synthetic_1,13.094677334136925,80.2808370076652,11.981326762260794,8.628801332761979,3.8609172765693875,0.12364165563639062,-0.0037346475478411472,9.795285704960596,0.0,0.0,-0.024573136325001382
24.8,synthetic_1,13.094681804440967,80.28083480916858,11.983668243694764,8.634934291079322,3.790601267724562,0.12166709443476975,-0.0032663512610472223,9.800843326616905,0.0,0.0,-0.02451621913178645
24.85,synthetic_1,13.094686275100596,80.2808326056661,11.986050546014082,8.640968042205456,3.7204496879824633,0.1196735229971857,-0.002789890797183532,9.798139450170673,0.0,0.0,-0.02445834427687782
24.900000000000002,synthetic_1,13.094690746059337,80.28083039728283,11.98846771470363,8.64690164337904,3.650465277630257,0.11766125281509332,-0.002306457059273922,9.809010561777315,0.0,0.0,-0.024399514021006055
24.950000000000003,synthetic_1,13.094695217260778,80.28082818414475,11.990913708100521,8.652734167486965,3.5806507704250707,0.1156305983016459,-0.001817258379895744,9.820831350072911,0.0,0.0,-0.02433973066221992
25.0,synthetic_1,13.09469968864857,80.28082596637873,11.99338241249511,8.658464703209205,3.5110088934872206,0.1135818767424368,-0.0013235175009777304,9.813390576976337,0.0,0.0,-0.024278996535800138
25.05,synthetic_1,13.094704160166435,80.28082374411257,11.995867657412091,8.664092355161209,3.4415423671936614,0.1115154082460812,-0.0008264685175818273,9.81129939456825,0.0,0.0,-0.024217314014166394
25.1,synthetic_1,13.094708631758188,80.28082151747492,11.998363231033458,8.669616244033813,3.3722539050717453,0.10943151569408727,-0.00032735379330845317,9.800496864000985,0.0,0.0,-0.02415468550678264
25.150000000000002,synthetic_1,13.09471310336773,80.28081928659535,12.000862895724827,8.675035506730618,3.303146213693215,0.10733052469038995,0.00017257914496563218,9.804238678064719,0.0,0.0,-0.024091113460067426
25.200000000000003,synthetic_1,13.094717574939075,80.28081705160429,12.003360403626274,8.680349296502852,3.234221992568478,0.10521276351056486,0.0006720807252547848,9.807573675401498,0.0,0.0,-0.024026600357295383
25.25,synthetic_1,13.094722046416342,80.28081481263305,12.005849512268718,8.685556783081674,3.165483934041161,0.10307856305049157,0.0011699024537436405,9.80589122849517,0.0,0.0,-0.02396114871850291
25.3,synthetic_1,13.094726517743775,80.28081256981383,12.008324000176858,8.690657152807901,3.096934723182926,0.10092825677466166,0.0016648000353715925,9.80789598556131,0.0,0.0,-0.023894761100386186
25.35,synthetic_1,13.09473098886575,80.28081032327965,12.010777682419612,8.69564960875914,3.0285770376886108,0.09876218066404263,0.0021555364839222135,9.794432105168621,0.0,0.0,-0.02382744009620137
25.400000000000002,synthetic_1,13.094735459726785,80.28080807316442,12.013204426069224,8.700533370874306,2.960413547771613,0.09658067316363983,0.0026408852138447288,9.824044149500587,0.0,0.0,-0.023759188335667827
25.450000000000003,synthetic_1,13.094739930271544,80.28080581960292,12.015598165530395,8.705307676075504,2.8924469160595887,0.09438407512954328,0.003119633106079064,9.792942194041533,0.0,0.0,-0.023690008484860067
25.5,synthetic_1,13.094744400444853,80.28080356273072,12.017952917701109,8.70997177838726,2.824679797490454,0.09217272977572577,0.003590583540221683,9.80480034751699,0.0,0.0,-0.02361990324610895
25.55,synthetic_1,13.094748870191705,80.28080130268427,12.020262796927268,8.714524949053077,2.757114839208649,0.08994698262041467,0.0040525593854535405,9.814515049549785,0.0,0.0,-0.023548875357891977
25.6,synthetic_1,13.094753339457268,80.28079903960085,12.02252202971377,8.718966476649301,2.6897546804617702,0.08770718143205514,0.004504405942753893,9.79877168670567,0.0,0.0,-0.023476927594724695
25.650000000000002,synthetic_1,13.094757808186902,80.28079677361855,12.024724969155233,8.723295667196282,2.6226019524974546,0.0854536761750424,0.004944993831046627,9.81671918668313,0.0,0.0,-0.023404062767058142
25.700000000000003,synthetic_1,13.094762276326154,80.28079450487628,12.026866109050324,8.727511844266806,2.5556592784606,0.08318681895499225,0.005373221810064748,9.792093379399756,0.0,0.0,-0.02333028372116512
25.75,synthetic_1,13.09476674382078,80.2807922335138,12.028940097664387,8.731614349091782,2.4889292732909016,0.08090696396370944,0.005788019532877502,9.798757777007694,0.0,0.0,-0.023255593339031877
25.8,synthetic_1,13.094771210616747,80.2807899596716,12.030941751106003,8.735602540663177,2.4224145436206923,0.07861446742390754,0.006188350221200393,9.782667865495084,0.0,0.0,-0.02317999453824146
25.85,synthetic_1,13.094775676660237,80.28078768349103,12.032866066284004,8.739475795834172,2.356117687673148,0.07630968753352008,0.0065732132568007764,9.81650125464631,0.0,0.0,-0.023103490271861107
25.900000000000002,synthetic_1,13.094780141897672,80.2807854051142,12.034708233412612,8.743233509416529,2.2900412951607727,0.0739929844097098,0.006941646682522446,9.794210918551219,0.0,0.0,-0.023026083528330105
25.950000000000003,synthetic_1,13.094784606275706,80.28078312468404,12.036463648033388,8.746875094275143,2.2241879471842463,0.07166472003262925,0.007292729606677515,9.799209670099225,0.0,0.0,-0.022947777331338015
26.0,synthetic_1,13.094789069741237,80.28078084234417,12.03812792252398,8.750399981419791,2.1585602161316073,0.06932525818882596,0.007625584504796027,9.813770398633096,0.0,0.0,-0.022868574739712613
26.05,synthetic_1,13.094793532241422,80.28077855823906,12.039696897064902,8.753807620094026,2.093160665577744,0.06697496441448791,0.007939379412980212,9.809532398181661,0.0,0.0,-0.02278847884729547
26.1,synthetic_1,13.094797993723681,80.2807762725139,12.041166650036905,8.75709747786124,2.0279918501842893,0.06461420593822709,0.008233330007380815,9.816719395613779,0.0,0.0,-0.02270749278282011
26.150000000000002,synthetic_1,13.094802454135703,80.28077398531465,12.042533507822991,8.760269040687849,1.9630563155998075,0.062243351623720855,0.008506701564598344,9.812540564548035,0.0,0.0,-0.022625619709795153
26.200000000000003,synthetic_1,13.09480691342546,80.28077169678797,12.043794053990544,8.763321813023612,1.8983565983603619,0.05986277191215805,0.008758810798108911,9.814969095375561,0.0,0.0,-0.022542862826376714
26.25,synthetic_1,13.094811371541207,80.28076940708128,12.044945137830624,8.766255317879065,1.8338952257904335,0.05747283876429421,0.008989027566124672,9.801244138648359,0.0,0.0,-0.022459225365246173
26.3,synthetic_1,13.094815828431496,80.28076711634272,12.0459838822331,8.769069096900042,1.769674715904185,0.05507392560231139,0.0091967764466202,9.805186081852058,0.0,0.0,-0.02237471059348163
26.35,synthetic_1,13.094820284045188,80.28076482472113,12.046907690877939,8.771762710439296,1.7056975773071184,0.05266640725148264,0.009381538175587758,9.813424911792874,0.0,0.0,-0.022289321812428882
26.400000000000002,synthetic_1,13.094824738331443,80.2807625323661,12.047714254724635,8.77433573762519,1.6419663090980787,0.05025065988165878,0.00954285094492698,9.81355785321721,0.0,0.0,-0.022203062357576547
26.450000000000003,synthetic_1,13.094829191239754,80.28076023942783,12.048401557783622,8.776787776427462,1.578483400771626,0.047827060948471,0.009680311556724585,9.815487611906489,0.0,0.0,-0.02211593559842382
26.5,synthetic_1,13.09483364271993,80.2807579460573,12.048967882155196,8.779118443720037,1.5152513321207968,0.0453959891343203,0.009793576431039171,9.79837003812684,0.0,0.0,-0.022027944938349704
26.55,synthetic_1,13.094838092722117,80.2807556524061,12.049411812323362,8.781327375340894,1.4522725731402257,0.04295782428922479,0.009882362464672176,9.795064532303494,0.0,0.0,-0.021939093814478082
26.6,synthetic_1,13.094842541196806,80.2807533586265,12.049732238693892,8.78341422614896,1.3895495839296803,0.04051294737148936,0.009946447738778381,9.79347662709789,0.0,0.0,-0.021849385697543522
26.650000000000002,synthetic_1,13.094846988094831,80.28075106487145,12.049928360367737,8.785378670078043,1.327084814597951,0.03806174038814447,0.009985672073547487,9.801290303205352,0.0,0.0,-0.021758824091758014
26.700000000000003,synthetic_1,13.094851433367387,80.28074877129453,12.04999968714285,8.787220400187774,1.2648807051671493,0.03560458633529606,0.009999937428570208,9.805010850052726,0.0,0.0,-0.021667412534672782
26.75,synthetic_1,13.094855876966028,80.28074647804995,12.04994604073944,8.788939128711572,1.2029396854773902,0.033141869138262336,0.009989208147888241,9.794088934217879,0.0,0.0,-0.021575154597041346
26.8,synthetic_1,13.09486031884268,80.28074418529253,12.049767555245579,8.7905345871016,1.1412641750918748,0.030673973591603954,0.009953511049115592,9.804180050620527,0.0,0.0,-0.021482053882677238
26.85,synthetic_1,13.09486475894965,80.28074189317776,12.049464676782042,8.792006526070733,1.0798565832023872,0.02820128529899435,0.009892935356408498,9.812332849715126,0.0,0.0,-0.021388114028314635
26.900000000000002,synthetic_1,13.094869197239618,80.2807396018617,12.049038162387257,8.7933547156315,1.018719308535177,0.025724190612930187,0.009807632477451521,9.81590739804369,0.0,0.0,-0.021293338703467293
26.950000000000003,synthetic_1,13.094873633665664,80.28073731150097,12.048489078125085,8.794578945132026,0.9578547392572627,0.023243076574406274,0.00969781562501717,9.80014532916297,0.0,0.0,-0.021197731610283314
27.0,synthetic_1,13.094878068181265,80.28073502225284,12.047818796420225,8.79567902328894,0.8972652528831482,0.020758330852466145,0.00956375928404503,9.811695990079793,0.0,0.0,-0.021101296483404825
27.05,synthetic_1,13.094882500740296,80.28073273427512,12.047028992627862,8.796654778217272,0.8369532161819286,0.018270341683557234,0.00940579852557232,9.793253777666273,0.0,0.0,-0.021004037089816293
27.1,synthetic_1,13.094886931297044,80.28073044772616,12.046121640846154,8.797506057457296,0.7769209850848764,0.015779497810921583,0.009224328169230857,9.799415949145283,0.0,0.0,-0.020905957228699156
27.150000000000002,synthetic_1,13.094891359806217,80.2807281627649,12.045099008982017,8.798232727998364,0.717170904593381,0.013286188423879963,0.009019801796403562,9.807081475604353,0.0,0.0,-0.02080706073128595
27.200000000000003,synthetic_1,13.094895786222938,80.28072587955079,12.043963653082535,8.798834676299684,0.657705308687369,0.010790803096920598,0.008792730616507226,9.79955903295659,0.0,0.0,-0.020707351460707915
27.25,synthetic_1,13.094900210502765,80.28072359824381,12.042718410946176,8.799311808308056,0.5985265202341186,0.008293731728912235,0.008543682189235223,9.798228633219683,0.0,0.0,-0.02060683331184747
27.3,synthetic_1,13.094904632601684,80.28072131900448,12.041366395029769,8.799664049472575,0.5396368508975238,0.00579536448221063,0.008273279005953786,9.808697427135158,0.0,0.0,-0.02050551021118124
27.35,synthetic_1,13.094909052476128,80.28071904199379,12.039910984668989,8.799891344756277,0.4810386010478087,0.0032960917216051655,0.00798219693379788,9.796102454886318,0.0,0.0,-0.020403386116629573
27.400000000000002,synthetic_1,13.09491347008297,80.28071676737324,12.038355817631777,8.799993658644736,0.42273405967165445,0.0007963039533542826,0.007671163526355278,9.80712081433351,0.0,0.0,-0.02030046501740223
27.450000000000003,synthetic_1,13.094917885379536,80.2807144953048,12.036704781025808,8.799970975151613,0.3647255042827968,-0.0017036082357613225,0.007340956205161524,9.804939440928692,0.0,0.0,-0.020196750933840577
27.5,synthetic_1,13.09492229832361,80.28071222595094,12.034962001582755,8.79982329782116,0.30701520083305756,-0.004203254239545373,0.0069924003165509774,9.811094772192535,0.0,0.0,-0.02009224791726447
27.55,synthetic_1,13.09492670887344,80.28070995947452,12.033131835343603,8.799550649727658,0.24960540362381956,-0.0067022434934216335,0.006626367068720718,9.813553170099505,0.0,0.0,-0.019986960049809172
27.6,synthetic_1,13.094931116987734,80.2807076960389,12.031218856770819,8.799153073471818,0.1924983552179924,-0.009200185535380712,0.006243771354163914,9.807335987846868,0.0,0.0,-0.019880891444268304
27.650000000000002,synthetic_1,13.094935522625683,80.28070543580787,12.029227847314575,8.79863063117412,0.1356962863523874,-0.011696690067068971,0.0058455694629149626,9.801031831530338,0.0,0.0,-0.01977404624393355
27.700000000000003,synthetic_1,13.094939925746944,80.28070317894563,12.027163783461612,8.79798340446511,0.07920141585060136,-0.01419136701471757,0.005432756692322449,9.816075195270047,0.0,0.0,-0.019666428622430374
27.75,synthetic_1,13.094944326311666,80.28070092561674,12.02503182429662,8.797211494472648,0.023015950536333207,-0.01668382659014256,0.005006364859324151,9.807961848012837,0.0,0.0,-0.01955804278356079
27.8,synthetic_1,13.094948724280478,80.28069867598622,12.02283729860721,8.796315021806096,-0.03285791485283163,-0.019173679351638384,0.004567459721441928,9.797190365598706,0.0,0.0,-0.01944889296113289
27.85,synthetic_1,13.094953119614503,80.28069643021942,12.020585691564715,8.795294126537485,-0.08841799775112769,-0.021660536264729302,0.004117138312943141,9.807713863822599,0.0,0.0,-0.01933898341879603
27.900000000000002,synthetic_1,13.094957512275363,80.28069418848212,12.01828263101413,8.794148968179623,-0.14366212784988086,-0.02414400876308065,0.00365652620282618,9.799862175833722,0.0,0.0,-0.01922831844987791
27.950000000000003,synthetic_1,13.094961902225172,80.28069195094038,12.015933873407421,8.792879725661177,-0.19858814718228146,-0.026623708809179192,0.003186774681484188,9.780735895101204,0.0,0.0,-0.01911690237721516
28.0,synthetic_1,13.094966289426557,80.28068971776065,12.013545289415394,8.791486597298706,-0.2531939102076848,-0.02909924895496019,0.0027090578830786904,9.796395784837207,0.0,0.0,-0.01900473955298497
28.05,synthetic_1,13.09497067384265,80.2806874891097,12.011122849254077,8.78996980076568,-0.3074772838954196,-0.03157024240229234,0.002224569850815534,9.80219503634192,0.0,0.0,-0.01889183435853304
28.1,synthetic_1,13.094975055437091,80.28068526515462,12.008672607762295,8.788329573058476,-0.36143614780810296,-0.03403630306348049,0.0017345215524589212,9.801404307132767,0.0,0.0,-0.018778191204203033
28.150000000000002,synthetic_1,13.094979434174043,80.28068304606276,12.006200689267713,8.786566170459333,-0.4150683941844715,-0.036497045621572966,0.0012401378535425232,9.790600900547153,0.0,0.0,-0.01866381452916641
28.200000000000003,synthetic_1,13.094983810018187,80.28068083200183,12.003713272279217,8.784679868496319,-0.4683719280217211,-0.038952085590509,0.0007426544558435778,9.802485311138557,0.0,0.0,-0.018548708801247565
28.25,synthetic_1,13.094988182934722,80.28067862313976,12.00121657404386,8.782670961900282,-0.5213446671573365,-0.041401039375337234,0.00024331480877202272,9.810249312462243,0.0,0.0,-0.018432878516750767
28.3,synthetic_1,13.094992552889384,80.28067641964478,11.998716835006972,8.780539764558785,-0.5739845423504395,-0.043843524331990125,-0.0002566329986055949,9.794582523951906,0.0,0.0,-0.018316328200281336
28.35,synthetic_1,13.094996919848427,80.28067422168533,11.996220303214306,8.778286609467083,-0.6262894973625937,-0.046279158827164935,-0.0007559393571385806,9.808547007798762,0.0,0.0,-0.018199062404569838
28.400000000000002,synthetic_1,13.095001283778645,80.28067202943011,11.993733218695178,8.775911848676069,-0.6782574890381454,-0.04870756229793827,-0.0012533562609643265,9.785713723310273,0.0,0.0,-0.018081085710297227
28.450000000000003,synthetic_1,13.095005644647367,80.28066984304805,11.991261797865635,8.773415853237289,-0.729886487384027,-0.0511283553111852,-0.001747640426872984,9.811030444439142,0.0,0.0,-0.017962402725912822
28.5,synthetic_1,13.095010002422462,80.28066766270824,11.98881221799066,8.77079901314495,-0.7811744756490544,-0.053541159622945145,-0.002237556401867964,9.800313940547449,0.0,0.0,-0.017843018087456402
28.55,synthetic_1,13.09501435707234,80.28066548858004,11.986390601744224,8.768061737274994,-0.8321194504027112,-0.05594559823743239,-0.002721879651155157,9.79257581893767,0.0,0.0,-0.017722936458374975
28.6,synthetic_1,13.095018708565952,80.28066332083291,11.98400300190579,8.765204453321207,-0.8827194216133964,-0.05834129546601119,-0.003199399618841981,9.817056109372848,0.0,0.0,-0.017602162529341617
28.650000000000002,synthetic_1,13.0950230568728,80.28066115963655,11.981655386231516,8.762227607728393,-0.9329724127261709,-0.06072787698588655,-0.003668922753696812,9.810616096930035,0.0,0.0,-0.017480701018073065
28.700000000000003,synthetic_1,13.095027401962932,80.28065900516074,11.979353622537973,8.759131665622618,-0.9828764607399592,-0.06310496989852865,-0.004129275492405434,9.815454450444022,0.0,0.0,-0.01735855666914251
28.75,synthetic_1,13.095031743806949,80.28065685757547,11.97710346403566,8.75591711073854,-1.0324296162842241,-0.0654722027879906,-0.004579307192868114,9.809058761523124,0.0,0.0,-0.017235734253799595
28.8,synthetic_1,13.095036082376003,80.28065471705078,11.974910534948972,8.75258444534382,-1.0816299436951375,-0.06782920577899532,-0.0050178930102057415,9.809424449111233,0.0,0.0,-0.017112238569781217
28.85,synthetic_1,13.095040417641805,80.28065258375689,11.97278031645857,8.74913419016064,-1.130475521091169,-0.0701756105945961,-0.005443936708286016,9.802117907354207,0.0,0.0,-0.016988074441117614
28.900000000000002,synthetic_1,13.095044749576621,80.28065045786407,11.970718133001284,8.74556688428436,-1.1789644404481479,-0.07251105061380159,-0.005856373399743005,9.810168750778121,0.0,0.0,-0.016863246717956498
28.950000000000003,synthetic_1,13.095049078153272,80.2806483395427,11.968729138961795,8.74188308509926,-1.2270948076738435,-0.0748351609288811,-0.006254172207640943,9.8051109577778,0.0,0.0,-0.016737760276364783
29.0,synthetic_1,13.095053403345146,80.28064622896318,11.966818305789351,8.738083368191472,-1.2748647426818902,-0.0771475784022968,-0.006636338842129675,9.799563881459628,0.0,0.0,-0.016611620018139456
29.05,synthetic_1,13.095057725126185,80.28064412629604,11.964990409571742,8.734168327259031,-1.3222723794652858,-0.07944794172354719,-0.007001918085651568,9.804056174450743,0.0,0.0,-0.016484830870622143
29.1,synthetic_1,13.095062043470902,80.28064203171178,11.963250019097561,8.730138574019117,-1.3693158661692522,-0.08173589146556637,-0.007349996180487777,9.793209459931184,0.0,0.0,-0.016357397786493748
29.150000000000002,synthetic_1,13.095066358354368,80.28063994538094,11.961601484436617,8.725994738112474,-1.4159933651635583,-0.08401107014082143,-0.0076797031126767815,9.805677849292827,0.0,0.0,-0.01622932574359394
29.200000000000003,synthetic_1,13.095070669752218,80.28063786747411,11.960048926067019,8.721737467005035,-1.462303053114347,-0.08627312225726769,-0.007990214786596159,9.81032317674576,0.0,0.0,-0.01610061974472072
29.25,synthetic_1,13.095074977640655,80.28063579816184,11.958596224576137,8.717367425886748,-1.5082431210553082,-0.08852169437389534,-0.008280755084772445,9.80717369559062,0.0,0.0,-0.01597128481743565
29.3,synthetic_1,13.095079281996451,80.28063373761466,11.957247010961147,8.712885297567645,-1.5538117744583904,-0.09075643515590315,-0.008550597807770703,9.8115895128837,0.0,0.0,-0.01584132601387036
29.35,synthetic_1,13.095083582796942,80.2806316860031,11.956004657553427,8.708291782371157,-1.5990072333038654,-0.09297699542953453,-0.008799068489314789,9.802832909293592,0.0,0.0,-0.015710748410520704
29.400000000000002,synthetic_1,13.095087880020028,80.28062964349759,11.95487226958949,8.703587598024692,-1.6438277321498607,-0.0951830282367716,-0.00902554608210187,9.806256979164234,0.0,0.0,-0.01557955710805893
29.450000000000003,synthetic_1,13.095092173644185,80.28062761026855,11.953852677449515,8.69877347954748,-1.6882715202013472,-0.09737418888953187,-0.009229464510097232,9.806209632243899,0.0,0.0,-0.015447757231128317
29.5,synthetic_1,13.09509646364845,80.2806255864863,11.952948429582852,8.693850179135739,-1.7323368613784957,-0.0995501350233674,-0.009410314083429535,9.825140007773683,0.0,0.0,-0.015315353928144933
29.55,synthetic_1,13.09510075001243,80.28062357232106,11.95216178613825,8.688818466045143,-1.7760220343845283,-0.10171052665114644,-0.009567642772350116,9.792973687528686,0.0,0.0,-0.015182352371097864
29.6,synthetic_1,13.095105032716301,80.28062156794299,11.951494713314641,8.683679126470624,-1.8193253327729302,-0.10385502621607756,-0.009701057337071854,9.826022641043652,0.0,0.0,-0.015048757755340425
29.650000000000002,synthetic_1,13.095109311740806,80.28061957352207,11.950948878446681,8.678432963423536,-1.8622450650141058,-0.10598329864441425,-0.009810224310663907,9.798679591786867,0.0,0.0,-0.014914575299397118
29.700000000000003,synthetic_1,13.095113587067255,80.2806175892282,11.950525645837272,8.673080796606182,-1.9047795545614825,-0.10809501139798172,-0.009894870832545356,9.802594382091522,0.0,0.0,-0.014779810244752375
29.75,synthetic_1,13.095117858677527,80.2806156152311,11.950226073347528,8.667623462283737,-1.9469271399169585,-0.11018983452595776,-0.00995478533049455,9.808698953575055,0.0,0.0,-0.014644467855648227
29.8,synthetic_1,13.095122126554063,80.28061365170034,11.950050909752653,8.662061813153587,-1.9886861746958466,-0.11226744071645811,-0.009989818049469494,9.811701644123728,0.0,0.0,-0.014508553418883241
29.85,synthetic_1,13.095126390679876,80.28061169880532,11.950000592870413,8.656396718212092,-2.0300550276911693,-0.11432750534774883,-0.00999988142591743,9.80567332984443,0.0,0.0,-0.014372072243594297
29.900000000000002,synthetic_1,13.095130651038538,80.28060975671522,11.95007524846681,8.650629062618812,-2.0710320829373536,-0.11636970653890799,-0.009984950306638145,9.808150768641084,0.0,0.0,-0.01423502966105987
29.950000000000003,synthetic_1,13.095134907614188,80.28060782559908,11.95027468994173,8.6447597475582,-2.111615739773397,-0.11738630121222116,-0.00994506201165386,9.819781575511241,0.0,0.0,-0.014166368685769176
0.0,synthetic_2,13.102703967388523,80.29070186567766,12.0,8.727437941460545,24.608273090794274,-0.08436380687875555,0.0,9.83177390726796,0.0,0.0,0.018180931883291507
0.05,synthetic_2,13.102707929553361,80.29070373785615,12.002498958463534,8.723219751116607,24.660357624020648,-0.08549382302602382,0.0004997916927067833,9.810034513464629,0.0,0.0,0.018121888421217536
0.1,synthetic_2,13.102711886468057,80.29070561642915,12.004991670832341,8.718888559157943,24.71210386312855,-0.08774708792120833,0.0009983341664682815,9.81288411279951,0.0,0.0,0.018003448708277525
0.15000000000000002,synthetic_2,13.102715838107043,80.29070750128994,12.00747190662368,8.714445042324487,24.763509786787104,-0.08998664251242516,0.0014943813247359926,9.8049915449259,0.0,0.0,0.017884305737910777
0.2,synthetic_2,13.102719784445636,80.29070939233132,12.009933466539753,8.7098898949067,24.81457338695894,-0.09221213687384378,0.0019866933079506124,9.822442879631295,0.0,0.0,0.017764464164126137
0.25,synthetic_2,13.102723725460052,80.29071128944575,12.012370197962726,8.705223828637102,24.865292668978686,-0.09442322327645414,0.0024740395925452294,9.804858102337164,0.0,0.0,0.01764392866821951
0.30000000000000004,synthetic_2,13.102727661127405,80.29071319252526,12.014776010333067,8.700447572579055,24.915665651630825,-0.09661955624254759,0.002955202066613396,9.811030801262643,0.0,0.0,0.017522703958591235
0.35000000000000003,synthetic_2,13.102731591425709,80.29071510146149,12.017144890372773,8.695561873012847,24.965690367227133,-0.09880079259955821,0.003428978074554514,9.795632780899558,0.0,0.0,0.017400794770567884
0.4,synthetic_2,13.102735516333878,80.29071701614575,12.019470917115433,8.690567493319099,25.015364861683512,-0.10096659153372656,0.0038941834230865053,9.779632348332497,0.0,0.0,0.017278205866212426
0.45,synthetic_2,13.102739435831738,80.29071893646898,12.021748276705562,8.685465213859475,25.064687194596345,-0.10311661464337263,0.0043496553411123025,9.828489221541435,0.0,0.0,0.01715494203413659
0.5,synthetic_2,13.102743349900024,80.29072086232179,12.02397127693021,8.680255831854762,25.113655439318272,-0.10525052599177798,0.00479425538604203,9.816577369141319,0.0,0.0,0.017031008089319344
0.55,synthetic_2,13.102747258520381,80.2907227935945,12.026134361446532,8.674940161260297,25.162267683033463,-0.10736799215964155,0.005226872289306592,9.815091505399355,0.0,0.0,0.016906408872914835
0.6000000000000001,synthetic_2,13.102751161675371,80.29072473017709,12.028232123669751,8.669519032638798,25.210522026832326,-0.10946868229714468,0.005646424733950355,9.79678771667732,0.0,0.0,0.016781149252061978
0.65,synthetic_2,13.10275505934847,80.29072667195925,12.030259320286802,8.663993293030583,25.25841658578569,-0.11155226817576747,0.006051864057360396,9.78987576281593,0.0,0.0,0.016655234119701268
0.7000000000000001,synthetic_2,13.10275895152407,80.29072861883043,12.032210884361884,8.658363805821221,25.30594948901844,-0.11361842423944779,0.006442176872376911,9.803665008996738,0.0,0.0,0.016528668394374946
0.75,synthetic_2,13.102762838187493,80.29073057067977,12.034081938001167,8.652631450606638,25.353118879782585,-0.11566682765549174,0.0068163876002333415,9.807185441242718,0.0,0.0,0.016401457020041033
0.8,synthetic_2,13.102766719324972,80.29073252739622,12.035867804544976,8.646797123055672,25.3999229155298,-0.11769715836503991,0.007173560908995228,9.813165856296587,0.0,0.0,0.016273604965879596
0.8500000000000001,synthetic_2,13.10277059492367,80.29073448886844,12.037564020257015,8.640861734770134,25.446359767983388,-0.11970909913303629,0.007512804051402928,9.80613776917083,0.0,0.0,0.016145117226092354
0.9,synthetic_2,13.102774464971674,80.29073645498491,12.039166345481375,8.634826213142368,25.492427623209704,-0.12170233559782417,0.007833269096274834,9.818704196624427,0.0,0.0,0.016015998819715604
0.9500000000000001,synthetic_2,13.102778329457994,80.29073842563392,12.04067077523947,8.628691501210351,25.53812468168901,-0.12367655632031571,0.008134155047893738,9.809467333973522,0.0,0.0,0.01588625479042205
1.0,synthetic_2,13.10278218837257,80.29074040070351,12.042073549240396,8.622458557510337,25.583449158385772,-0.1256314528325042,0.008414709848078966,9.809096646657826,0.0,0.0,0.0157558902063204
1.05,synthetic_2,13.102786041706269,80.29074238008162,12.043371161279701,8.616128355927101,25.62839928281838,-0.1275667196857455,0.00867423225594017,9.817537795790606,0.0,0.0,0.01562491015976164
1.1,synthetic_2,13.102789889450882,80.29074436365597,12.044560368003072,8.609701885541762,25.672973299128316,-0.1294820544985953,0.008912073600614355,9.799428817653848,0.0,0.0,0.015493319767137526
1.1500000000000001,synthetic_2,13.102793731599135,80.29074635131418,12.045638197013027,8.603180150477241,25.717169466148736,-0.13137715800386474,0.009127639402605211,9.809846516514927,0.0,0.0,0.015361124168679074
1.2000000000000002,synthetic_2,13.10279756814468,80.29074834294369,12.046601954298362,8.596564169741375,25.760986057472486,-0.1332517340954631,0.009320390859672264,9.800545689363567,0.0,0.0,0.015228328528260615
1.25,synthetic_2,13.102801399082098,80.29075033843186,12.047449230967779,8.589854977067695,25.804421361519537,-0.13510548987470727,0.009489846193555862,9.799361332726056,0.0,0.0,0.015094938033195504
1.3,synthetic_2,13.102805224406898,80.29075233766592,12.04817790927086,8.583053620753905,25.847473681603848,-0.1369381356960453,0.00963558185417193,9.821005070022313,0.0,0.0,0.01496095789403351
1.35,synthetic_2,13.10280904411552,80.29075434053306,12.048786167891333,8.57616116349809,25.89014133599964,-0.13874938521230007,0.009757233578266591,9.816855030065403,0.0,0.0,0.014826393344355981
1.4000000000000001,synthetic_2,13.102812858205333,80.2907563469203,12.049272486499422,8.569178682232675,25.93242265800709,-0.14053895541936257,0.009854497299884604,9.811349934554338,0.0,0.0,0.014691249640573778
1.4500000000000002,synthetic_2,13.102816666674629,80.29075835671469,12.04963564955188,8.562107267956154,25.974315996017438,-0.14230656670056518,0.009927129910375886,9.819000880298141,0.0,0.0,0.014555532061719667
1.5,synthetic_2,13.102820469522632,80.29076036980318,12.049874749330202,8.554948025562618,26.015819713577482,-0.14405194287029133,0.009974949866040545,9.809771287973462,0.0,0.0,0.014419245909245704
1.55,synthetic_2,13.10282426674949,80.2907623860727,12.049989188209468,8.547702073669125,26.056932189453544,-0.145774811216981,0.00999783764189357,9.819446350653019,0.0,0.0,0.014282396506812844
1.6,synthetic_2,13.10282805835628,80.29076440541016,12.049978680152075,8.54037054444092,26.097651817694757,-0.1474749025459765,0.00999573603041505,9.797698956976237,0.0,0.0,0.01414498920008167
1.6500000000000001,synthetic_2,13.102831844345,80.29076642770244,12.049843251422695,8.532954583414528,26.137977007695824,-0.1491519512215156,0.00996865028453919,9.804628981112161,0.0,0.0,0.01400702935650866
1.7000000000000002,synthetic_2,13.102835624718567,80.29076845283646,12.049583240522624,8.525455349318769,26.177906184259136,-0.15080569520812048,0.009916648104524686,9.80986849368878,0.0,0.0,0.013868522365132474
1.75,synthetic_2,13.102839399480828,80.29077048069914,12.049199297343696,8.517874013893715,26.217437787656312,-0.15243587611164955,0.00983985946873937,9.796131699203192,0.0,0.0,0.01372947363636523
1.8,synthetic_2,13.102843168636543,80.29077251117741,12.04869238154391,8.510211761707604,26.25657027368912,-0.15404223921969162,0.009738476308781953,9.799447082788099,0.0,0.0,0.013589888601779343
1.85,synthetic_2,13.102846932191396,80.29077454415828,12.048063760148764,8.502469789971746,26.295302113749802,-0.15562453354124983,0.009612752029752999,9.793825682959971,0.0,0.0,0.013449772713898245
1.9000000000000001,synthetic_2,13.102850690151978,80.29077657952881,12.047315004384371,8.494649308353479,26.33363179488078,-0.1571825118460346,0.009463000876874145,9.812800636361274,0.0,0.0,0.013309131445979894
1.9500000000000002,synthetic_2,13.102854442525805,80.2907786171761,12.046447985750193,8.486751538787143,26.371557819833754,-0.15871593070313494,0.009289597150038692,9.801526572447667,0.0,0.0,0.013167970291807496
2.0,synthetic_2,13.102858189321294,80.29078065698737,12.045464871341284,8.478777715283165,26.409078707128202,-0.16022455051897921,0.009092974268256818,9.808772511057935,0.0,0.0,0.013026294765470792
2.0500000000000003,synthetic_2,13.102861930547782,80.29078269884991,12.044368118431668,8.470729083735245,26.446192991109235,-0.1617081355747807,0.008873623686333753,9.811295586396612,0.0,0.0,0.012884110401150117
2.1,synthetic_2,13.102865666215504,80.29078474265114,12.043160468332443,8.462606901725687,26.482899222004853,-0.16316645406339703,0.008632093666488738,9.804558451686479,0.0,0.0,0.012741422752906018
2.15,synthetic_2,13.102869396335604,80.29078678827858,12.041844939539924,8.454412438328905,26.519195965982583,-0.16459927812553232,0.008368987907984977,9.806349878463129,0.0,0.0,0.012598237394454426
2.2,synthetic_2,13.102873120920126,80.29078883561989,12.04042482019098,8.446146973913134,26.555081805205468,-0.1660063838853354,0.008084964038195901,9.80748106617001,0.0,0.0,0.012454559918957386
2.25,synthetic_2,13.102876839982013,80.2907908845629,12.038903659844395,8.437811799940372,26.590555337887487,-0.1673875514853762,0.007780731968879212,9.810326114543749,0.0,0.0,0.01231039593879768
2.3000000000000003,synthetic_2,13.102880553535103,80.29079293499554,12.037285260608837,8.429408218764596,26.625615178348276,-0.1687425651210539,0.0074570521217672,9.819379664099628,0.0,0.0,0.012165751085360665
2.35,synthetic_2,13.102884261594127,80.29079498680596,12.035573667639543,8.420937543428266,26.660259957067275,-0.170071213074241,0.007114733527908443,9.79528093723252,0.0,0.0,0.012020631008820004
2.4000000000000004,synthetic_2,13.102887964174705,80.29079703988248,12.033773159027557,8.412401097457172,26.694488320737225,-0.1713732877463947,0.006754631805511506,9.807017939194024,0.0,0.0,0.011875041377909512
2.45,synthetic_2,13.102891661293341,80.2907990941136,12.031888235106726,8.403800214653627,26.728298932317017,-0.17264858569101094,0.006377647021345037,9.794299396360762,0.0,0.0,0.01172898787970389
2.5,synthetic_2,13.102895352967424,80.29080114938805,12.029923607205198,8.395136238888071,26.761690471083938,-0.17389690764535004,0.005984721441039565,9.820420178689275,0.0,0.0,0.011582476219400561
2.5500000000000003,synthetic_2,13.102899039215217,80.29080320559473,12.02788418586957,8.386410523889092,26.794661632685248,-0.17511805856164742,0.005576837173914166,9.788077841154497,0.0,0.0,0.011435512120093194
2.6,synthetic_2,13.102902720055859,80.29080526262281,12.025775068591074,8.377624433031906,26.82721112918914,-0.176311847637578,0.005155013718214641,9.807775390211862,0.0,0.0,0.011288101322547983
2.6500000000000004,synthetic_2,13.102906395509361,80.29080732036171,12.023601527064494,8.368779339125334,26.859337689135053,-0.17747808834604584,0.004720305412898823,9.802024404880111,0.0,0.0,0.0111402495849805
2.7,synthetic_2,13.102910065596598,80.29080937870104,12.021368994011691,8.359876624197302,26.891040057583314,-0.17861659846428068,0.004273798802338298,9.800467859926522,0.0,0.0,0.010991962682829759
2.75,synthetic_2,13.10291373033931,80.29081143753072,12.019083049602617,8.350917679278906,26.922316996164195,-0.1797272001023842,0.0038166099205233167,9.813169662282501,0.0,0.0,0.010843246408533957
2.8000000000000003,synthetic_2,13.102917389760089,80.29081349674095,12.016749407507795,8.341903904187063,26.953167283126255,-0.18080971973111204,0.0033498815015590468,9.811363815859274,0.0,0.0,0.01069410657130343
2.85,synthetic_2,13.102921043882388,80.29081555622217,12.014373900617127,8.332836707305795,26.983589713384077,-0.18186398820901672,0.002874780123425444,9.796695370739878,0.0,0.0,0.01054454899689694
2.9000000000000004,synthetic_2,13.1029246927305,80.29081761586514,12.0119624664607,8.323717505366162,27.013583098565363,-0.18288984080877313,0.00239249329213982,9.810688520728222,0.0,0.0,0.010394579527385206
2.95,synthetic_2,13.102928336329569,80.29081967556093,12.009521132368052,8.314547723224917,27.043146267057303,-0.18388711724295348,0.0019042264736102705,9.808956812179797,0.0,0.0,0.010244204020931624
3.0,synthetic_2,13.102931974705577,80.2908217352009,12.007056000402994,8.305328793641866,27.072278064052398,-0.18485566168921608,0.001411200080598672,9.798772054181924,0.0,0.0,0.010093428351562461
3.0500000000000003,synthetic_2,13.102935607885334,80.29082379467675,12.004573232111621,8.296062157055996,27.100977351593524,-0.18579532281442823,0.0009146464223243675,9.791753105476047,0.0,0.0,0.009942258408929816
3.1,synthetic_2,13.102939235896486,80.29082585388053,12.002079033121664,8.286749261360423,27.12924300861841,-0.18670595379841615,0.00041580662433290494,9.813909566760914,0.0,0.0,0.009790700098093463
3.1500000000000004,synthetic_2,13.1029428587675,80.2908279127046,11.999579637631642,8.277391561676154,27.15707393100343,-0.1875874123569865,-8.407247367149063e-05,9.81295812011226,0.0,0.0,0.00963875933928049
3.2,synthetic_2,13.102946476527663,80.2908299710417,11.997081292828621,8.267990520124725,27.184469031606717,-0.1884395607640421,-0.0005837414342758009,9.811206151701887,0.0,0.0,0.009486442067654921
3.25,synthetic_2,13.102950089207075,80.29083202878493,11.994590243273494,8.25854760559975,27.21142724031063,-0.18926226587311135,-0.0010819513453010838,9.80090203895608,0.0,0.0,0.00933375423309235
3.3000000000000003,synthetic_2,13.102953696836645,80.29083408582777,11.992112715292837,8.249064293537414,27.237947504063573,-0.19005539913816705,-0.0015774569414324865,9.818027338739693,0.0,0.0,0.009180701799942348
3.35,synthetic_2,13.102957299448079,80.29083614206404,11.98965490141633,8.239542065685933,27.264028786921116,-0.19081883663378818,-0.0020690197167339977,9.839985274778279,0.0,0.0,0.009027290746795869
3.4000000000000004,synthetic_2,13.102960897073888,80.29083819738801,11.987222944898658,8.229982409874035,27.289670070086466,-0.19155245907439777,-0.0025554110202683166,9.807651036839394,0.0,0.0,0.008873527066252662
3.45,synthetic_2,13.102964489747366,80.29084025169432,11.984822924364579,8.220386819778494,27.314870351950255,-0.19225615183298572,-0.0030354151270842933,9.81129166500313,0.0,0.0,0.00871941676468646
3.5,synthetic_2,13.102968077502599,80.29084230487801,11.98246083861552,8.210756794690736,27.33962864812968,-0.19292980495901446,-0.0035078322768961985,9.797994722179423,0.0,0.0,0.008564965862011276
3.5500000000000003,synthetic_2,13.102971660374449,80.29084435683458,11.980142591635701,8.201093839282592,27.363943991506943,-0.19357331319550752,-0.003971481672859602,9.798079593787454,0.0,0.0,0.008410180391446032
3.6,synthetic_2,13.102975238398548,80.29084640745991,11.977873977835257,8.191399463371186,27.387815432267033,-0.1941865759956407,-0.0044252044329485245,9.823352226553592,0.0,0.0,0.008255066399279753
3.6500000000000004,synthetic_2,13.1029788116113,80.29084845665035,11.975660667567215,8.181675181683028,27.41124203793484,-0.19476949753835626,-0.004867866486556998,9.828439507785856,0.0,0.0,0.008099629944631759
3.7,synthetic_2,13.102982380049866,80.29085050430267,11.973508192954576,8.17192251361735,27.43422289341155,-0.19532198674333756,-0.005298361409084934,9.803560529752017,0.0,0.0,0.007943877099216845
3.75,synthetic_2,13.102985943752167,80.2908525503141,11.971421934062883,8.162142983008694,27.456757101010417,-0.19584395728529103,-0.0057156131874234375,9.799516870434568,0.0,0.0,0.007787813947114919
3.8000000000000003,synthetic_2,13.102989502756866,80.29085459458234,11.969407105452865,8.15233811788882,27.478843780491832,-0.19633532760733985,-0.006118578909427193,9.79687601406753,0.0,0.0,0.0076314465845217505
3.85,synthetic_2,13.102993057103369,80.29085663700555,11.96746874314674,8.14250945024796,27.50048206909768,-0.19679602093386706,-0.006506251370651674,9.799938018734201,0.0,0.0,0.007474781119514717
3.9000000000000004,synthetic_2,13.10299660683182,80.29085867748235,11.9656116920408,8.132658515795434,27.521671121585058,-0.19722596528254144,-0.0068776615918397415,9.80647651850723,0.0,0.0,0.007317823671821322
3.95,synthetic_2,13.103000151983089,80.29086071591186,11.963840593795675,8.122786853719706,27.542410110259308,-0.19762509347540202,-0.007231881240865121,9.793606809338714,0.0,0.0,0.007160580372571612
4.0,synthetic_2,13.103003692598765,80.2908627521937,11.962159875234603,8.112896006447894,27.562698225006315,-0.19799334314946293,-0.007568024953079283,9.798910883899675,0.0,0.0,0.007003057364061149
4.05,synthetic_2,13.10300722872116,80.29086478622796,11.96057373727869,8.10298751940476,27.58253467332418,-0.19833065676646555,-0.00788525254426195,9.815280345058722,0.0,0.0,0.006845260799513975
4.1000000000000005,synthetic_2,13.103010760393282,80.29086681791526,11.959086144446779,8.093062940771247,27.601918680354164,-0.1986369816218314,-0.008182771110644109,9.804233328933286,0.0,0.0,0.006687196842836141
4.15,synthetic_2,13.103014287658853,80.29086884715669,11.957700814946227,8.083123821242577,27.620849488910952,-0.1989122698529755,-0.008459837010754465,9.79813265480941,0.0,0.0,0.006528871668382008
4.2,synthetic_2,13.10301781056228,80.29087087385392,11.95642121137932,8.07317171378595,27.639326359512246,-0.19915647844664264,-0.008715757724135883,9.794224554965762,0.0,0.0,0.006370291460708888
4.25,synthetic_2,13.103021329148659,80.29087289790908,11.95525053208857,8.063208173397912,27.657348570407635,-0.19936956924572868,-0.008949893582285835,9.816443848673769,0.0,0.0,0.006211462414335012
4.3,synthetic_2,13.103024843463768,80.29087491922486,11.954191703162527,8.053234756861377,27.6749154176068,-0.19955150895523133,-0.00916165936749455,9.795445527686146,0.0,0.0,0.006052390733501389
4.3500000000000005,synthetic_2,13.103028353554055,80.29087693770452,11.953247371122078,8.04325302250239,27.692026214907006,-0.19970226914743705,-0.009350525775584494,9.804405158308544,0.0,0.0,0.005893082631923674
4.4,synthetic_2,13.103031859466634,80.29087895325179,11.952419896305525,8.033264529946633,27.708680293919908,-0.19982182626639755,-0.00951602073889516,9.815738689935785,0.0,0.0,0.005733544332555129
4.45,synthetic_2,13.10303536124928,80.290880965771,11.951711346968969,8.02327083987575,27.724877004097664,-0.1999101616315535,-0.009657730606206389,9.811163330664643,0.0,0.0,0.005573782067340161
4.5,synthetic_2,13.103038858950411,80.29088297516702,11.951123494116745,8.013273513783478,27.740615712758338,-0.1999672614406478,-0.00977530117665097,9.8087011967438,0.0,0.0,0.00541380207697173
4.55,synthetic_2,13.103042352619097,80.29088498134527,11.950657807074839,8.003274113731685,27.755895805110626,-0.19999311677197262,-0.009868438585032365,9.808796687214128,0.0,0.0,0.0052536106106487734
4.6000000000000005,synthetic_2,13.103045842305034,80.29088698421175,11.950315449818326,7.993274202106281,27.77071668427787,-0.19998772358570172,-0.009936910036334646,9.796403471934216,0.0,0.0,0.005093213925828621
4.65,synthetic_2,13.103049328058557,80.29088898367301,11.950097278062056,7.983275341373115,27.78507777132135,-0.1999510827244766,-0.009980544387588795,9.798661571143699,0.0,0.0,0.004932618287987189
4.7,synthetic_2,13.10305280993061,80.29089097963622,11.950003837121795,7.973279093833833,27.79897850526294,-0.19988319991337988,-0.009999232575641009,9.801198628177564,0.0,0.0,0.0047718299703713996
4.75,synthetic_2,13.103056287972755,80.29089297200905,11.950035360551231,7.963287021381777,27.812418343106984,-0.19978408575896722,-0.00999292788975378,9.777304010385219,0.0,0.0,0.0046108552537538205
4.800000000000001,synthetic_2,13.10305976223716,80.29089496069983,11.950191769558208,7.953300685257936,27.825396759861523,-0.19965375574762412,-0.009961646088358407,9.801679896761307,0.0,0.0,0.004449700426189529
4.8500000000000005,synthetic_2,13.10306323277659,80.29089694561745,11.950472673201665,7.943321645807014,27.837913248558806,-0.19949223024311458,-0.009905465359667132,9.804824506658267,0.0,0.0,0.00428837178276853
4.9,synthetic_2,13.103066699644392,80.29089892667136,11.950877369368783,7.933351462233625,27.849967320275084,-0.19929953448349913,-0.009824526126243325,9.804990787344208,0.0,0.0,0.004126875625369286
4.95,synthetic_2,13.103070162894502,80.29090090377169,11.95140484652991,7.923391692358664,27.861558504149713,-0.19907569857711138,-0.009719030694018208,9.804593020757302,0.0,0.0,0.003965218262415027
5.0,synthetic_2,13.103073622581427,80.29090287682907,11.952053786266843,7.913443892375914,27.872686347403544,-0.1988207574978329,-0.009589242746631385,9.807847108125488,0.0,0.0,0.00380340600862783
5.050000000000001,synthetic_2,13.103077078760238,80.29090484575481,11.952822566568205,7.903509616608881,27.88335041535662,-0.1985347510796931,-0.009435486686359063,9.808502265075974,0.0,0.0,0.003641445184776604
5.1000000000000005,synthetic_2,13.103080531486563,80.2909068104608,11.953709265883614,7.893590417267944,27.893550291445138,-0.19821772401061644,-0.009258146823277321,9.822067822921593,0.0,0.0,0.0034793421174367234
5.15,synthetic_2,13.103083980816582,80.29090877085953,11.954711667926565,7.883687844207819,27.903285577237742,-0.1978697258254325,-0.009057666414687044,9.807375739682655,0.0,0.0,0.0033171031387368988
5.2,synthetic_2,13.10308742680701,80.29091072686414,11.955827267213992,7.873803444685401,27.91255589245106,-0.1974908108981488,-0.008834546557201532,9.81432440784621,0.0,0.0,0.0031547345861177023
5.25,synthetic_2,13.103090869515102,80.29091267838837,11.95705327532867,7.863938763118004,27.92136087496459,-0.1970810384334687,-0.00858934493426592,9.79994375229024,0.0,0.0,0.002992242802080658
5.300000000000001,synthetic_2,13.103094308998632,80.29091462534656,11.958386627888805,7.854095340842054,27.92970018083482,-0.19664047245748328,-0.008322674422239008,9.80910611734914,0.0,0.0,0.002829634133937886
5.3500000000000005,synthetic_2,13.10309774531589,80.29091656765371,11.959823992207392,7.844274715872256,27.937573484308672,-0.19616918180774157,-0.008035201558521552,9.808765752845993,0.0,0.0,0.0026669149335722953
5.4,synthetic_2,13.103101178525678,80.29091850522542,11.961361775622201,7.83447842266128,27.944980477836232,-0.19566724012245018,-0.007727644875559872,9.803623336741301,0.0,0.0,0.0025040915571816758
5.45,synthetic_2,13.103104608687298,80.29092043797795,11.962996134475555,7.824707991860011,27.95192087208276,-0.1951347258289715,-0.007400773104888944,9.788899568458435,0.0,0.0,0.0023411703650327853
5.5,synthetic_2,13.103108035860537,80.29092236582815,11.964722983721481,7.814964950078383,27.95839439593998,-0.19457172213159346,-0.007055403255703919,9.792527145625522,0.0,0.0,0.0021781577212148795
5.550000000000001,synthetic_2,13.10311146010567,80.29092428869355,11.966538007136187,7.805250819646852,27.9644007965367,-0.19397831699848211,-0.006692398572762614,9.810388734009582,0.0,0.0,0.002015059993387136
5.6000000000000005,synthetic_2,13.103114881483444,80.29092620649226,11.968436668106383,7.795567118378535,27.969939839248653,-0.19335460314797714,-0.006312666378723209,9.805415399005344,0.0,0.0,0.0018518835525344057
5.65,synthetic_2,13.103118300055074,80.2909281191431,11.970414220968449,7.785915359332054,27.975011307707693,-0.1927006780341145,-0.005917155806310094,9.803486849779084,0.0,0.0,0.0016886347727168571
5.7,synthetic_2,13.103121715882233,80.29093002656548,11.972465722870119,7.776297050575123,27.979615003810224,-0.19201664383136752,-0.005506855425976376,9.799191945331936,0.0,0.0,0.0015253200308168458
5.75,synthetic_2,13.103125129027042,80.29093192867944,11.974586046125037,7.766713694948917,27.98375074772495,-0.19130260741866856,-0.005082790774992584,9.806851590462992,0.0,0.0,0.0013619457062974405
5.800000000000001,synthetic_2,13.103128539552058,80.29093382540572,11.976769891029312,7.757166789833256,27.987418377899907,-0.19055868036276458,-0.004646021794137566,9.811666926952281,0.0,0.0,0.0011985181809481826
5.8500000000000005,synthetic_2,13.103131947520275,80.29093571666564,11.979011799108006,7.747657826912641,27.990617751068754,-0.18978497890074664,-0.004197640178398589,9.824504798434392,0.0,0.0,0.0010350438386341754
5.9,synthetic_2,13.103135352995112,80.29093760238122,11.981306166758488,7.738188291943182,27.99334874225638,-0.18898162392188667,-0.0037387666483023603,9.805875657122773,0.0,0.0,0.0008715290650518348
5.95,synthetic_2,13.103138756040398,80.2909394824751,11.983647259256513,7.728759664520452,27.9956112447838,-0.18814874094877254,-0.0032705481486974067,9.804289345001674,0.0,0.0,0.0007079802474763142
6.0,synthetic_2,13.10314215672037,80.29094135687056,11.986029225090054,7.719373417848304,27.997405170272284,-0.18728646011768824,-0.0027941549819892587,9.808762587405264,0.0,0.0,0.0005444037745122587
6.050000000000001,synthetic_2,13.103145555099664,80.29094322549153,11.98844611058503,7.710031018508683,27.998730448646853,-0.18639491615823012,-0.0023107778829939136,9.817677011502331,0.0,0.0,0.00038080603584511596
6.1000000000000005,synthetic_2,13.1031489512433,80.29094508826262,11.990891874786396,7.700733926232481,27.999587028138986,-0.18547424837233706,-0.0018216250427209502,9.82907810313406,0.0,0.0,0.00021719342199022496
6.15,synthetic_2,13.103152345216683,80.29094694510906,11.993360404557373,7.69148359367145,27.999974875288657,-0.18452460061249454,-0.0013279190885251673,9.811687863397493,0.0,0.0,5.357232404523682e-05
6.2,synthetic_2,13.103155737085586,80.29094879595671,11.995845529859125,7.682281466171232,27.999893974945635,-0.18354612125921044,-0.000830894028174964,9.791790647883243,0.0,0.0,-0.00011005086656135088
6.25,synthetic_2,13.103159126916148,80.29095064073212,11.998341039172622,7.673128981545529,27.999344330270084,-0.18253896319791352,-0.00033179216547556817,9.806394014822581,0.0,0.0,-0.0002736697583205494
6.300000000000001,synthetic_2,13.103162514774858,80.29095247936249,12.000840695024218,7.664027569851441,27.998325962732423,-0.18150328379499037,0.000168139004843506,9.794839133124137,0.0,0.0,-0.0004372779598899035
6.3500000000000005,synthetic_2,13.103165900728552,80.29095431177562,12.003338249576078,7.6549786531660295,27.99683891211251,-0.18043924487322727,0.0006676499152155635,9.796565014034222,0.0,0.0,-0.0006008690803438466
6.4,synthetic_2,13.103169284844403,80.29095613790001,12.005827460242525,7.645983645364118,27.99488323649806,-0.17934701268655928,0.0011654920485049364,9.824223555529139,0.0,0.0,-0.0007644367294262766
6.45,synthetic_2,13.103172667189911,80.2909579576648,12.008302105293248,7.637043951897374,27.992459012282417,-0.17822675789404663,0.0016604210586495722,9.802728492438199,0.0,0.0,-0.0009279745177959153
6.5,synthetic_2,13.103176047832891,80.29095977099975,12.01075599940439,7.628160969574713,27.989566334161523,-0.17707865553322044,0.002151199880878155,9.799083562245317,0.0,0.0,-0.001091476057278884
6.550000000000001,synthetic_2,13.103179426841475,80.29096157783529,12.01318300911864,7.619336086344052,27.98620531513025,-0.17590288499272688,0.0026366018237277923,9.819900964427541,0.0,0.0,-0.0012549349611179483
6.6000000000000005,synthetic_2,13.10318280428409,80.29096337810249,12.015577068175668,7.6105706810754405,27.982376086477977,-0.17469962998432287,0.0031154136351337867,9.807025913282303,0.0,0.0,-0.0014183448442184332
6.65,synthetic_2,13.103186180229457,80.29096517173306,12.01793219267464,7.601866123345619,27.978078797783464,-0.17346907851416127,0.0035864385349280038,9.794964301659412,0.0,0.0,-0.0015816993234035737
6.7,synthetic_2,13.103189554746582,80.29096695865938,12.02024249603083,7.593223773224024,27.973313616909003,-0.17221142285340107,0.004048499206165983,9.806877419031837,0.0,0.0,-0.0017449920176609846
6.75,synthetic_2,13.103192927904743,80.29096873881444,12.022502203689031,7.584644981060279,27.968080729993865,-0.17092685950818698,0.004500440737806176,9.792372512876474,0.0,0.0,-0.0019082165483902402
6.800000000000001,synthetic_2,13.103196299773485,80.2909705121319,12.02470566755693,7.576131087273206,27.962380341447027,-0.16961558918892727,0.004941133511386089,9.797735872784521,0.0,0.0,-0.002071366539652675
6.8500000000000005,synthetic_2,13.10319967042261,80.29097227854604,12.026847380122401,7.5676834221413865,27.956212673939195,-0.16827781677893228,0.005369476024480117,9.808185973516958,0.0,0.0,-0.0022344356184222924
6.9,synthetic_2,13.103203039922168,80.29097403799177,12.02892198821941,7.5593033055953125,27.949577968394095,-0.16691375130243102,0.005784397643882001,9.780902436643071,0.0,0.0,-0.0023974174148344574
6.95,synthetic_2,13.103206408342444,80.29097579040469,12.030924306408151,7.550992047011143,27.942476483979075,-0.16552360589187742,0.00618486128163024,9.813476490229446,0.0,0.0,-0.002560305562434584
7.0,synthetic_2,13.10320977575396,80.29097753572096,12.032849329935939,7.542750945006125,27.93490849809496,-0.16410759775465245,0.006569865987187891,9.808889788854735,0.0,0.0,-0.0027230936984246057
7.050000000000001,synthetic_2,13.103213142227453,80.29097927387743,12.034692247246488,7.534581287235678,27.926874306365235,-0.16266594813915347,0.0069384494492976435,9.814756460038241,0.0,0.0,-0.0028857754639122213
7.1000000000000005,synthetic_2,13.103216507833876,80.29098100481156,12.036448452006294,7.526484350192209,27.9183742226245,-0.16119888230019974,0.007289690401258765,9.802477876396662,0.0,0.0,-0.0030483445041634694
7.15,synthetic_2,13.103219872644384,80.29098272846144,12.03811355461807,7.518461399005658,27.909408578906188,-0.15970662946384273,0.007622710923614113,9.810601675715414,0.0,0.0,-0.0032107944688453127
7.2,synthetic_2,13.103223236730328,80.29098444476581,12.039683393192458,7.510513687245825,27.899977725429622,-0.15818942279156367,0.007936678638491531,9.796544793782315,0.0,0.0,-0.0033731190122759935
7.25,synthetic_2,13.10322660016324,80.290986153664,12.041154043950575,7.502642456726502,27.890082030586314,-0.15664749934381383,0.008230808790115056,9.797197039763514,0.0,0.0,-0.0035353117936737233
7.300000000000001,synthetic_2,13.103229963014833,80.29098785509596,12.042521831031427,7.494848937311444,27.87972188092559,-0.15508110004297748,0.00850436620628565,9.807447039183305,0.0,0.0,-0.0036973664774042625
7.3500000000000005,synthetic_2,13.103233325356987,80.2909895490023,12.043783335679644,7.487134346722204,27.868897681139472,-0.15349046963577528,0.008756667135928826,9.806696893560245,0.0,0.0,-0.0038592767332273903
7.4,synthetic_2,13.10323668726174,80.29099123532423,12.044935404790582,7.479499890347866,27.857609854046892,-0.15187585665496606,0.00898708095811627,9.80633827283309,0.0,0.0,-0.004021036236543929
7.45,synthetic_2,13.10324004880128,80.29099291400354,12.045975158791448,7.471946761056707,27.845858840577158,-0.15023751338055114,0.009195031758289706,9.819922771016175,0.0,0.0,-0.004182638668643324
7.5,synthetic_2,13.103243410047938,80.29099458498268,12.046899998838738,7.464476139009811,27.833645099752744,-0.14857569580033037,0.00937999976774739,9.803708647092776,0.0,0.0,-0.004344077716952333
7.550000000000001,synthetic_2,13.103246771074172,80.29099624820468,12.047707613313976,7.457089191476674,27.82096910867134,-0.14689066356990743,0.00954152266279515,9.810932016486912,0.0,0.0,-0.00450534707527761
7.6000000000000005,synthetic_2,13.103250131952569,80.29099790361319,12.048395983601575,7.44978707265282,27.807831362487242,-0.1451826799721445,0.009679196720314866,9.809884285005996,0.0,0.0,-0.004666440444054953
7.65,synthetic_2,13.103253492755826,80.29099955115245,12.04896338913431,7.44257092347946,27.79423237439199,-0.14345201187601297,0.009792677826862,9.808031149719971,0.0,0.0,-0.004827351530596324
7.7,synthetic_2,13.103256853556747,80.29100119076732,12.04940841169385,7.435441871465219,27.780172675594326,-0.1416989296948934,0.009881682338770004,9.810572197531666,0.0,0.0,-0.004988074049331881
7.75,synthetic_2,13.103260214428232,80.29100282240321,12.04972993895556,7.428401030509971,27.765652815299443,-0.13992370734428938,0.009945987791111761,9.789156807328466,0.0,0.0,-0.005148601722059776
7.800000000000001,synthetic_2,13.103263575443272,80.29100444600618,12.04992716726873,7.42144950073079,27.750673360687543,-0.13812662219907956,0.00998543345374605,9.80092303076166,0.0,0.0,-0.005308928278188185
7.8500000000000005,synthetic_2,13.10326693667493,80.29100606152285,12.049999603665295,7.414588368290063,27.73523489689166,-0.13630795505016557,0.009999920733059189,9.817472697717148,0.0,0.0,-0.005469047454980114
7.9,synthetic_2,13.103270298196342,80.2910076689004,12.049947067091988,7.407818705225774,27.71933802697483,-0.13446799006059607,0.00998941341839772,9.803529749401662,0.0,0.0,-0.005628952997799863
7.95,synthetic_2,13.103273660080706,80.29100926808667,12.049769688862881,7.401141569284003,27.702983371906516,-0.13260701472116665,0.009953937772576199,9.813431221026015,0.0,0.0,-0.005788638660360057
8.0,synthetic_2,13.103277022401274,80.29101085903,12.049467912331169,7.394558003753657,27.68617157053834,-0.13072531980546032,0.009893582466233819,9.81117311197607,0.0,0.0,-0.005948098204959229
8.05,synthetic_2,13.103280385231333,80.29101244167931,12.04904249178102,7.388069037303457,27.668903279579165,-0.12882319932449704,0.009808498356203996,9.776062045407794,0.0,0.0,-0.006107325402727737
8.1,synthetic_2,13.103283748644213,80.29101401598416,12.048494490542254,7.381675683821207,27.651179173569407,-0.12690095048073502,0.009698898108450864,9.793374926141059,0.0,0.0,-0.006266314033874787
8.15,synthetic_2,13.103287112713264,80.29101558189458,12.047825278332576,7.3753789422553835,27.632999944854703,-0.12495887362163671,0.00956505566651509,9.799814081173684,0.0,0.0,-0.0064250578879271325
8.200000000000001,synthetic_2,13.103290477511857,80.29101713936126,12.047036527833988,7.3691797964590435,27.61436630355886,-0.12299727219276413,0.009407305566797726,9.799658942725404,0.0,0.0,-0.0065835507639727675
8.25,synthetic_2,13.103293843113363,80.29101868833537,12.046130210511967,7.363079215036107,27.595278977556127,-0.12101645269034123,0.009226042102393403,9.801974953441796,0.0,0.0,-0.0067417864709024
8.3,synthetic_2,13.103297209591162,80.29102022876867,12.045108591687814,7.357078151190009,27.57573871244275,-0.11901672461339885,0.009021718337562932,9.802142377199067,0.0,0.0,-0.006899758827655367
8.35,synthetic_2,13.103300577018613,80.29102176061348,12.043974224876543,7.351177542574767,27.555746271507847,-0.1169984004153779,0.00879484497530865,9.798315287825899,0.0,0.0,-0.007057461663457776
8.4,synthetic_2,13.103303945469067,80.29102328382264,12.042729945404414,7.345378311148472,27.5353024357036,-0.11496179545532392,0.008545989080882804,9.79979497916148,0.0,0.0,-0.007214888818061205
8.450000000000001,synthetic_2,13.10330731501584,80.29102479834955,12.0413788633221,7.339681363029235,27.514408003614744,-0.11290722794861985,0.00827577266441983,9.786929850647441,0.0,0.0,-0.007372034141987505
8.5,synthetic_2,13.103310685732213,80.29102630414813,12.039924355631175,7.33408758835361,27.493063791427378,-0.11083501891724801,0.007984871126234902,9.825812152760205,0.0,0.0,-0.007528891496766388
8.55,synthetic_2,13.103314057691422,80.29102780117287,12.038370057843375,7.32859786113751,27.47127063289708,-0.10874549213967022,0.007674011568674873,9.82031673244855,0.0,0.0,-0.007685454755179122
8.6,synthetic_2,13.103317430966653,80.29102928937874,12.036719854893706,7.323213039139643,27.449029379316325,-0.10663897410019274,0.007343970978741133,9.815168532434605,0.0,0.0,-0.007841717801493342
8.65,synthetic_2,13.103320805631022,80.29103076872127,12.034977871430133,7.317933963727491,27.42634089948126,-0.10451579393795818,0.00699557428602668,9.805580414628933,0.0,0.0,-0.007997674531702859
8.700000000000001,synthetic_2,13.103324181757577,80.29103223915651,12.033148461504108,7.312761459745847,27.403206079657743,-0.10237628339556437,0.00662969230082182,9.79730779782774,0.0,0.0,-0.008153318853768021
8.75,synthetic_2,13.103327559419286,80.29103370064101,12.03123619768771,7.307696335387934,27.37962582354673,-0.100220776767177,0.006247239537541924,9.830759119411272,0.0,0.0,-0.00830864468785164
8.8,synthetic_2,13.103330938689028,80.29103515313182,12.029245859644588,7.302739382069129,27.35560105224897,-0.09804961084631358,0.005849171928917617,9.796982736900985,0.0,0.0,-0.008463645966558242
8.85,synthetic_2,13.103334319639583,80.29103659658654,12.027182422183305,7.297891374303303,27.331132704229056,-0.09586312487322779,0.005436484436660885,9.82069742449975,0.0,0.0,-0.008618316635171652
8.9,synthetic_2,13.103337702343625,80.29103803096322,12.025051042822895,7.293153069581806,27.3062217352787,-0.09366166048192959,0.005010208564578847,9.809482584290178,0.0,0.0,-0.008772650651887592
8.950000000000001,synthetic_2,13.103341086873712,80.29103945622045,12.022857048901757,7.28852520825511,27.280869118479472,-0.09144556164673467,0.004571409780351542,9.797277276330659,0.0,0.0,-0.00892664198805182
9.0,synthetic_2,13.103344473302279,80.29104087231728,12.020605924262087,7.284008513417133,27.255075844164736,-0.08921517462856521,0.004121184852417566,9.798222302065373,0.0,0.0,-0.009080284628398272
9.05,synthetic_2,13.103347861701629,80.29104227921329,12.01830329554312,7.2796036907922534,27.228842919880996,-0.0869708479208775,0.0036606591086241103,9.802177389205424,0.0,0.0,-0.009233572571281656
9.1,synthetic_2,13.10335125214392,80.29104367686848,12.015954918117467,7.275311428625045,27.202171370348516,-0.08471293219513676,0.0031909836234935212,9.800132727361722,0.0,0.0,-0.009386499828911155
9.15,synthetic_2,13.103354644701165,80.29104506524341,12.013566661705681,7.27113239757274,27.175062237421308,-0.08244178024609639,0.0027133323411363277,9.792234036150473,0.0,0.0,-0.009539060427585233
9.200000000000001,synthetic_2,13.103358039445213,80.29104644429904,12.011144495705013,7.2670672506004355,27.147516580046428,-0.08015774693661548,0.002228899141002459,9.81061456067044,0.0,0.0,-0.00969124840792257
9.25,synthetic_2,13.103361436447754,80.29104781399684,12.008694474269022,7.263116622879078,27.119535474222626,-0.07786118914225426,0.0017388948538043356,9.797188145348072,0.0,0.0,-0.009843057825100754
9.3,synthetic_2,13.10336483578029,80.29104917429872,12.006222721175353,7.25928113168621,27.091120012958278,-0.07555246569550533,0.001244544235070617,9.813995473575401,0.0,0.0,-0.009994482749085543
9.35,synthetic_2,13.10336823751415,80.29105052516708,12.003735414519477,7.255561376309528,27.062271306228734,-0.07323193732969635,0.0007470829038953478,9.804582137186909,0.0,0.0,-0.010145517264859016
9.4,synthetic_2,13.103371641720463,80.29105186656476,12.001238771272668,7.25195793795324,27.032990480932924,-0.07089996662267062,0.00024775425453357763,9.807788882892199,0.0,0.0,-0.010296155472654389
9.450000000000001,synthetic_2,13.103375048470157,80.29105319845503,11.998739031742817,7.248471379647261,27.003278680849373,-0.06855691794010355,-0.00025219365143660497,9.807522235816434,0.0,0.0,-0.01044639148818527
9.5,synthetic_2,13.103378457833953,80.29105452080165,11.996242443976909,7.24510224615923,26.973137066591484,-0.06620315737859706,-0.000751511204618093,9.802485623055778,0.0,0.0,-0.010596219442877142
9.55,synthetic_2,13.103381869882352,80.29105583356878,11.993755248144163,7.241851063909401,26.94256681556224,-0.0638390527084276,-0.0012489503711675231,9.80538595737589,0.0,0.0,-0.010745633484093853
9.600000000000001,synthetic_2,13.103385284685624,80.29105713672104,11.991283660938851,7.238718340888387,26.91156912190818,-0.06146497331615208,-0.001743267812229814,9.808090094901626,0.0,0.0,-0.010894627775369647
9.65,synthetic_2,13.103388702313808,80.29105843022346,11.988833860041812,7.235704566577786,26.88014519647277,-0.05908129014685848,-0.002233227991637839,9.829457665265041,0.0,0.0,-0.011043196496633989
9.700000000000001,synthetic_2,13.103392122836697,80.29105971404152,11.986411968679453,7.232810211873701,26.848296266749102,-0.0566883756461678,-0.002717606264109442,9.793497671094938,0.0,0.0,-0.011191333844438045
9.75,synthetic_2,13.10339554632383,80.29106098814113,11.984024040318886,7.230035729013169,26.81602357683195,-0.05428660370212057,-0.0031951919362227365,9.799320562746914,0.0,0.0,-0.011339034032187834
9.8,synthetic_2,13.103398972844486,80.29106225248857,11.981676043537403,7.227381551503489,26.783328387369146,-0.05187634958669918,-0.0036647912925192837,9.802464574246619,0.0,0.0,-0.011486291290361827
9.850000000000001,synthetic_2,13.103402402467674,80.29106350705058,11.979373847104146,7.224848094054499,26.75021197551239,-0.0494579898971903,-0.0041252305791709435,9.793735510797324,0.0,0.0,-0.01163309986674188
9.9,synthetic_2,13.103405835262127,80.29106475179428,11.977123205311234,7.22243575251377,26.716675634867293,-0.04703190249736977,-0.0045753589377532135,9.792968945903825,0.0,0.0,-0.011779454026640268
9.950000000000001,synthetic_2,13.103409271296284,80.29106598668722,11.97492974359104,7.220144903804762,26.6827206754429,-0.04459846645848309,-0.005014051281791989,9.79075211604212,0.0,0.0,-0.011925348053112295
10.0,synthetic_2,13.1034127106383,80.29106721169732,11.972798944455532,7.217975905867922,26.648348423600506,-0.04215806199995065,-0.005440211108893698,9.805607710038714,0.0,0.0,-0.012070776247191661
10.05,synthetic_2,13.10341615335602,80.29106842679292,11.970736133792848,7.215929097604767,26.613560222001816,-0.03971107042998412,-0.005852773241430364,9.800809073412513,0.0,0.0,-0.01221573292810918
10.100000000000001,synthetic_2,13.103419599516979,80.29106963194272,11.968746467555356,7.214004798824924,26.57835742955654,-0.03725787408606962,-0.006250706488928835,9.807826835479956,0.0,0.0,-0.012360212433513706
10.15,synthetic_2,13.10342304918839,80.29107082711583,11.96683491887245,7.21220331019616,26.54274142136927,-0.03479885627513113,-0.00663301622550998,9.79184659456229,0.0,0.0,-0.012504209119690857
10.200000000000001,synthetic_2,13.103426502437141,80.29107201228175,11.965006265620323,7.2105249131974105,26.506713588685813,-0.03233440121368503,-0.006998746875935436,9.79719797889702,0.0,0.0,-0.012647717361787825
10.25,synthetic_2,13.103429959329782,80.29107318741032,11.96326507847976,7.2089698700747915,26.470275338838793,-0.029864893967843642,-0.007346984304047954,9.815216916085815,0.0,0.0,-0.012790731554035428
10.3,synthetic_2,13.103433419932518,80.29107435247178,11.96161570951182,7.207538423800626,26.43342809519271,-0.027390720393078993,-0.007676858097635825,9.813603050098056,0.0,0.0,-0.012933246109957941
10.350000000000001,synthetic_2,13.103436884311202,80.29107550743674,11.96006228127995,7.206230798035484,26.396173297088335,-0.024912267073977645,-0.007987543744010015,9.790486950789415,0.0,0.0,-0.013075255462597912
10.4,synthetic_2,13.103440352531328,80.29107665227615,11.958608676545717,7.205047197093228,26.358512399786484,-0.022429921263835695,-0.008278264690856537,9.814326940159829,0.0,0.0,-0.013216754064734881
10.450000000000001,synthetic_2,13.103443824658012,80.29107778696134,11.957258528563935,7.2039878059091,26.320446874411168,-0.01994407082412053,-0.008548294287212838,9.80056449962316,0.0,0.0,-0.01335773638909632
10.5,synthetic_2,13.103447300756004,80.29107891146398,11.956015212001416,7.203052790010816,26.28197820789213,-0.017455104163914825,-0.008796957599716701,9.794958616094563,0.0,0.0,-0.01349819692857912
10.55,synthetic_2,13.103450780889661,80.29108002575612,11.954881834502059,7.202242295492709,26.243107902906765,-0.014963410179200665,-0.009023633099588237,9.813294427543138,0.0,0.0,-0.013638130196459985
10.600000000000001,synthetic_2,13.103454265122949,80.29108112981011,11.95386122891936,7.201556448992896,26.203837477821423,-0.012469378192081493,-0.009227754216128073,9.814994823998624,0.0,0.0,-0.01377753072661414
10.65,synthetic_2,13.10345775351943,80.29108222359869,11.952955946235754,7.2009953576735,26.164168466632084,-0.009973397890004065,-0.009408810752849078,9.78107625703411,0.0,0.0,-0.013916393073727384
10.700000000000001,synthetic_2,13.10346124614226,80.29108330709492,11.95216824918649,7.200559109203896,26.124102418904457,-0.007475859264793883,-0.009566350162701884,9.814599152572574,0.0,0.0,-0.014054711813504261
10.75,synthetic_2,13.103464743054174,80.29108438027217,11.951500106603966,7.200247771747021,26.083640899713437,-0.004977152551770558,-0.009699978679206786,9.800932000774855,0.0,0.0,-0.01419248154288899
10.8,synthetic_2,13.103468244317481,80.29108544310418,11.950953188496676,7.200061393948719,26.04278548958197,-0.0024776681687921354,-0.009809362300664915,9.800647372461015,0.0,0.0,-0.014329696880268084
10.850000000000001,synthetic_2,13.103471749994059,80.29108649556501,11.950528861875057,7.200000004930142,26.001537784419323,2.220334479829944e-05,-0.009894227624988513,9.802124732995011,0.0,0.0,-0.014466352465684618
10.9,synthetic_2,13.103475260145341,80.29108753762901,11.95022818733468,7.200063614283199,25.95989939545873,0.002522071389154945,-0.009954362533063775,9.816519399975371,0.0,0.0,-0.014602442961048068
10.950000000000001,synthetic_2,13.103478774832313,80.29108856927091,11.95005191640531,7.200252212069057,25.917871949194467,0.005021545364991553,-0.00998961671893817,9.818349240375968,0.0,0.0,-0.014737963050339142
11.0,synthetic_2,13.103482294115503,80.29108959046569,11.950000489672465,7.200565768819698,25.875457087318313,0.007520234734581521,-0.009999902065507035,9.809067466427127,0.0,0.0,-0.014872907439822947
11.05,synthetic_2,13.10348581805497,80.29109060118869,11.950074035676197,7.2010042355425155,25.832656466655408,0.010017749082793515,-0.009985192864760455,9.813451615667768,0.0,0.0,-0.015007270858251598
11.100000000000001,synthetic_2,13.103489346710306,80.29109160141554,11.9502723705898,7.201567543727977,25.789471759099563,0.012513698178091559,-0.009945525882039891,9.826888913989068,0.0,0.0,-0.015141048057070172
11.15,synthetic_2,13.103492880140617,80.2910925911222,11.95059499867928,7.202255605360325,25.74590465154792,0.015007692033499609,-0.009881000264143982,9.805378461587829,0.0,0.0,-0.015274233810624871
11.200000000000001,synthetic_2,13.103496418404523,80.29109357028489,11.951041113542434,7.203068312931327,25.70195684583508,0.017499340967574994,-0.00979177729151317,9.795429992053116,0.0,0.0,-0.015406822916362861
11.25,synthetic_2,13.103499961560148,80.29109453888015,11.951609600124437,7.204005539457082,25.65763005866662,0.01998825566523088,-0.009678079975112615,9.810785441660041,0.0,0.0,-0.015538810195040442
11.3,synthetic_2,13.103503509665108,80.29109549688484,11.952299037504895,7.20506713849785,25.612926021552013,0.02247404723858537,-0.00954019249902089,9.812579829477903,0.0,0.0,-0.015670190490919556
11.350000000000001,synthetic_2,13.103507062776513,80.29109644427608,11.953107702449412,7.206252944180941,25.567846480737046,0.024956327287792845,-0.00937845951011782,9.803983768508942,0.0,0.0,-0.015800958671974286
11.4,synthetic_2,13.10351062095095,80.2910973810313,11.954033573716766,7.2075627712266295,25.522393197135536,0.027434707961635496,-0.009193285256646757,9.803652438898641,0.0,0.0,-0.01593110963009292
11.450000000000001,synthetic_2,13.10351418424448,80.29109830712822,11.955074337110977,7.208996414977104,25.47656794626059,0.029908802018177028,-0.00898513257780448,9.827010212234867,0.0,0.0,-0.016060638281266137
11.5,synthetic_2,13.103517752712628,80.29109922254483,11.956227391265578,7.210553651428447,25.430372518155256,0.03237822288525649,-0.008754521746884285,9.803014716347722,0.0,0.0,-0.01618953956579905
11.55,synthetic_2,13.103521326410382,80.29110012725941,11.957489854145681,7.21223423726563,25.383808717322555,0.034842584720866654,-0.008502029170863663,9.796677448019858,0.0,0.0,-0.016317808448500504
11.600000000000001,synthetic_2,13.103524905392176,80.29110102125053,11.958858570251564,7.214037909900534,25.336878362655057,0.03730150247350572,-0.008228285949687079,9.77880346365815,0.0,0.0,-0.01644543991888403
11.65,synthetic_2,13.103528489711888,80.291101904497,11.960330118505777,7.21596438751298,25.289583287363754,0.03975459194228925,-0.00793397629884477,9.813793134899113,0.0,0.0,-0.016572428991363797
11.700000000000001,synthetic_2,13.103532079422834,80.29110277697797,11.961900820804049,7.218013369094763,25.24192533890652,0.042201469836955496,-0.007619835839190321,9.818337577614537,0.0,0.0,-0.01669877070544168
11.75,synthetic_2,13.103535674577756,80.2911036386728,11.963566751208642,7.220184534496676,25.193906378915905,0.04464175383780855,-0.007286649758271701,9.793953837814325,0.0,0.0,-0.016824460125912655
11.8,synthetic_2,13.103539275228822,80.29110448956115,11.965323745761143,7.222477544478544,25.145528283126424,0.04707506265544836,-0.006935250847771224,9.81146493587544,0.0,0.0,-0.0169494923430491
11.850000000000001,synthetic_2,13.103542881427611,80.29110532962295,11.9671674128902,7.224892040762221,25.096792941301302,0.04950101609033197,-0.00656651742196014,9.80228155046139,0.0,0.0,-0.017073862472796186
11.9,synthetic_2,13.103546493225105,80.29110615883839,11.969093144388149,7.227427646087577,25.047702257158623,0.05191923509215712,-0.006181371122370333,9.806339884781984,0.0,0.0,-0.017197565656961733
11.950000000000001,synthetic_2,13.103550110671694,80.29110697718792,11.971096126929147,7.2300839642714365,24.998258148296998,0.054329341819121524,-0.0057807746141704365,9.799821748374772,0.0,0.0,-0.017320597063404386
12.0,synthetic_2,13.103553733817156,80.29110778465228,11.973171354099978,7.232860580269489,24.948462546120645,0.05673095969696895,-0.00536572918000435,9.805601589334746,0.0,0.0,-0.01744295188622902
12.05,synthetic_2,13.103557362710655,80.29110858121243,11.97531363891347,7.235757060241133,24.89831739576393,0.059123713477786666,-0.004937272217305975,9.814366912210971,0.0,0.0,-0.01756462534596326
12.100000000000001,synthetic_2,13.103560997400734,80.29110936684962,11.97751762677327,7.238772951617268,24.847824656015426,0.06150722929865182,-0.004496474645345998,9.80065390274424,0.0,0.0,-0.017685612689751218
12.15,synthetic_2,13.103564637935309,80.29111014154535,11.979777808857543,7.241907783170999,24.796986299241354,0.06388113474007362,-0.004044438228491401,9.798981477409654,0.0,0.0,-0.017805909191543345
12.200000000000001,synthetic_2,13.10356828436166,80.29111090528136,11.982088535888158,7.245161065091275,24.74580431130856,0.0662450588841601,-0.0035822928223682706,9.795690104405958,0.0,0.0,-0.01792551015227184
12.25,synthetic_2,13.103571936726427,80.29111165803967,11.984444032250943,7.248532289059415,24.694280691506947,0.0685986323725718,-0.0031111935498112733,9.817003277260431,0.0,0.0,-0.018044410900041052
12.3,synthetic_2,13.103575595075597,80.29111239980256,11.98683841043171,7.252020928328532,24.642417452471342,0.07094148746424445,-0.0026323179136580094,9.797449271620918,0.0,0.0,-0.018162606790301794
12.350000000000001,synthetic_2,13.103579259454506,80.29111313055253,11.989265685731974,7.255626437805839,24.59021662010295,0.0732732580928186,-0.0021468628536052696,9.811990072304294,0.0,0.0,-0.018280093206043957
12.4,synthetic_2,13.103582929907825,80.29111385027237,11.991719791227585,7.259348254137814,24.537680233490132,0.07559357992390048,-0.001656041754483094,9.793360348430507,0.0,0.0,-0.018396865557971376
12.450000000000001,synthetic_2,13.10358660647956,80.2911145589451,11.994194592932876,7.263185795798229,24.484810344828816,0.07790209041191432,-0.001161081413424567,9.784511773769434,0.0,0.0,-0.018512919284676133
12.5,synthetic_2,13.10359028921304,80.29111525655398,11.99668390513244,7.2671384631790055,24.431609019342304,0.08019842885677697,-0.0006632189735120068,9.8001833223479,0.0,0.0,-0.018628249852827294
12.55,synthetic_2,13.10359397815091,80.29111594308254,11.999181505842182,7.271205638683907,24.3780783352006,0.08248223646030617,-0.00016369883156341366,9.80812782870265,0.0,0.0,-0.01874285275733467
12.600000000000001,synthetic_2,13.10359767333513,80.2911166185146,12.001681152361057,7.275386686825036,24.32422038343926,0.08475315638220238,0.0003362304722113847,9.81660662765661,0.0,0.0,-0.018856723521539775
12.65,synthetic_2,13.103601374806967,80.29111728283414,12.004176596874556,7.279680954322127,24.27003726787767,0.08701083379584418,0.0008353193749110818,9.81373387368698,0.0,0.0,-0.018969857697381798
12.700000000000001,synthetic_2,13.103605082606983,80.29111793602544,12.006661602070997,7.2840877702046205,24.215531105036888,0.08925491594371948,0.0013323204141994396,9.809003679415257,0.0,0.0,-0.019082250865567474
12.75,synthetic_2,13.103608796775035,80.29111857807305,12.009129956731556,7.288606445916499,24.16070402405698,0.09148505219257252,0.00182599134631134,9.780933181629155,0.0,0.0,-0.0191938986357576
12.8,synthetic_2,13.103612517350268,80.29111920896175,12.011575491255076,7.293236275423878,24.105558166613807,0.0937008940881423,0.0023150982510153897,9.810601536893659,0.0,0.0,-0.01930479664672191
12.850000000000001,synthetic_2,13.103616244371109,80.29111982867654,12.013992093078858,7.297976535325313,24.050095686835434,0.09590209540964345,0.002798418615771762,9.791057060581164,0.0,0.0,-0.0194149405665206
12.9,synthetic_2,13.103619977875255,80.29112043720272,12.016373721956885,7.302826484964842,23.99431875121791,0.09808831222386516,0.0032747443913769304,9.798845678208327,0.0,0.0,-0.019524326092673627
12.950000000000001,synthetic_2,13.103623717899676,80.29112103452583,12.018714425057288,7.3077853665477,23.938229538540696,0.10025920293884383,0.003742885011457584,9.823640263049937,0.0,0.0,-0.01963294895232004
13.0,synthetic_2,13.103627464480605,80.29112162063161,12.021008351841331,7.3128524052587265,23.881830239781536,0.10241442835734027,0.004201670368266409,9.815816130252692,0.0,0.0,-0.01974080490239616
13.05,synthetic_2,13.10363121765353,80.29112219550615,12.02324976868671,7.318026809383434,23.82512305803085,0.10455365172977515,0.0046499537373422125,9.795069923469509,0.0,0.0,-0.019847889729790458
13.100000000000001,synthetic_2,13.103634977453193,80.29112275913569,12.025433073218618,7.323307770431704,23.768110208405734,0.10667653880683581,0.005086614643723753,9.802388599270836,0.0,0.0,-0.019954199251515647
13.15,synthetic_2,13.103638743913578,80.29112331150678,12.027552808312768,7.328694463264117,23.710793917963358,0.1087827578917544,0.0055105616625536645,9.813704326902112,0.0,0.0,-0.02005972931487021
13.200000000000001,synthetic_2,13.103642517067914,80.29112385260623,12.02960367573536,7.334186046220879,23.653176425614042,0.1108719798920621,0.005920735147072245,9.804397747967448,0.0,0.0,-0.02016447579759717
13.25,synthetic_2,13.103646296948662,80.29112438242109,12.031580549385913,7.3397816612533235,23.595259982033756,0.1129438783710679,0.006316109877182387,9.803720372826403,0.0,0.0,-0.020268434608054497
13.3,synthetic_2,13.103650083587512,80.29112490093866,12.03347848810983,7.345480434057986,23.5370468495762,0.11499812959887556,0.006695697621966023,9.794686914203526,0.0,0.0,-0.020371601685361673
13.350000000000001,synthetic_2,13.103653877015379,80.2911254081465,12.035292748048734,7.351281474213211,23.478539302184473,0.11703441260289438,0.007058549609746658,9.811245819061913,0.0,0.0,-0.020473972999568435
13.4,synthetic_2,13.103657677262397,80.29112590403246,12.037018794497623,7.357183875318276,23.419739625302192,0.11905240921804783,0.007403758899524486,9.812577238425026,0.0,0.0,-0.0205755445518091
13.450000000000001,synthetic_2,13.103661484357913,80.29112638858462,12.038652313239282,7.363186715135016,23.360650115784267,0.12105180413646721,0.007730462647856614,9.797949368402842,0.0,0.0,-0.020676312374454664
13.5,synthetic_2,13.10366529833048,80.29112686179133,12.040189221327582,7.369289055731922,23.301273081807153,0.12303228495677665,0.00803784426551621,9.785685172570393,0.0,0.0,-0.02077627253127934
13.55,synthetic_2,13.103669119207858,80.2911273236412,12.041625677292702,7.3754899436306935,23.241610842778677,0.12499354223288073,0.008325135458540397,9.823942711498988,0.0,0.0,-0.020875421117600435
13.600000000000001,synthetic_2,13.103672947017005,80.29112777412315,12.042958090742825,7.3817884099552105,23.181665729247477,0.12693526952229028,0.008591618148564968,9.798935173899826,0.0,0.0,-0.020973754260436572
13.65,synthetic_2,13.10367678178407,80.29112821322633,12.044183131338231,7.388183470582923,23.121440082811922,0.12885716343409293,0.008836626267646351,9.810098869901505,0.0,0.0,-0.02107126811866533
13.700000000000001,synthetic_2,13.103680623534395,80.29112864094017,12.045297737115423,7.39467412629862,23.06093625602867,0.13075892367627517,0.009059547423084626,9.797423501453085,0.0,0.0,-0.02116795888316203
13.75,synthetic_2,13.103684472292501,80.29112905725435,12.04629912214043,7.40125936295055,23.000156612320758,0.13264025310264493,0.009259824428086273,9.798527342053987,0.0,0.0,-0.02126382277695682
13.8,synthetic_2,13.103688328082093,80.29112946215889,12.047184783472206,7.407938151608884,22.93910352588529,0.1345008577593365,0.009436956694441048,9.815505096411473,0.0,0.0,-0.021358856055377906
13.850000000000001,synthetic_2,13.10369219092605,80.29112985564403,12.047952507418659,7.414709448726484,22.8777793816007,0.13634044693064062,0.009590501483731763,9.802810963468216,0.0,0.0,-0.021453055006199206
13.9,synthetic_2,13.10369606084642,80.29113023770033,12.048600375069748,7.421572196301948,22.816186574933567,0.1381587331844969,0.00972007501394976,9.813671720535439,0.0,0.0,-0.021546415949789677
13.950000000000001,synthetic_2,13.103699937864421,80.29113060831861,12.04912676709375,7.428525322044933,22.75432751184507,0.1399554324173824,0.009825353418750099,9.813911373991948,0.0,0.0,-0.021638935239244872
14.0,synthetic_2,13.10370382200043,80.29113096749,12.049530367784744,7.4355677395436865,22.692204608697004,0.14173026389867616,0.009906073556948704,9.800870862250115,0.0,0.0,-0.021730609260544598
14.05,synthetic_2,13.103707713273984,80.29113131520592,12.049810168351192,7.442698348434801,22.62982029215736,0.14348295031459735,0.009962033670238317,9.808930394562834,0.0,0.0,-0.021821434432683362
14.100000000000001,synthetic_2,13.103711611703774,80.29113165145804,12.049965469437396,7.449916034575146,22.567176999105584,0.1452132178114418,0.009993093887479178,9.81372603767133,0.0,0.0,-0.021911407207813594
14.15,synthetic_2,13.10371551730764,80.29113197623843,12.04999588287152,7.457219670215945,22.504277176537332,0.14692079603844554,0.009999176574304032,9.818402317969563,0.0,0.0,-0.022000524071387195
14.200000000000001,synthetic_2,13.103719430102572,80.29113228953935,12.049901332635818,7.464608114178991,22.441123281468936,0.1486054181899732,0.009980266527163616,9.803361811868244,0.0,0.0,-0.022088781542284885
14.25,synthetic_2,13.103723350104698,80.29113259135343,12.049682055056637,7.4720802120349425,22.377717780841394,0.15026682104723577,0.009936411011327625,9.806134195946616,0.0,0.0,-0.022176176172964412
14.3,synthetic_2,13.10372727732929,80.29113288167359,12.049338598213732,7.479634796283714,22.314063151423994,0.15190474501944884,0.009867719642746133,9.796681279904146,0.0,0.0,-0.022262704549581014
14.350000000000001,synthetic_2,13.103731211790754,80.29113316049309,12.048871820570334,7.487270686536887,22.250161879717623,0.1535189341842802,0.009774364114066823,9.813853384761895,0.0,0.0,-0.022348363292131745
14.4,synthetic_2,13.103735153502626,80.29113342780546,12.048282888827464,7.494986689702142,22.18601646185757,0.1551091363279955,0.009656577765492775,9.80707278100683,0.0,0.0,-0.022433149054584267
14.450000000000001,synthetic_2,13.103739102477578,80.29113368360458,12.047573275007768,7.502781600169687,22.121629403516067,0.15667510298472465,0.009514655001553475,9.792784310885823,0.0,0.0,-0.022517058525002298
14.5,synthetic_2,13.1037430587274,80.29113392788467,12.046744752776235,7.510654200000615,22.0570032198044,0.15821658947534623,0.00934895055524683,9.802598743892652,0.0,0.0,-0.02260008842568717
14.55,synthetic_2,13.103747022263011,80.29113416064025,12.045799393006957,7.518603259117222,21.992140435174633,0.1597333549457769,0.009159878601391393,9.80494909466866,0.0,0.0,-0.022682235513290516
14.600000000000001,synthetic_2,13.10375099309445,80.29113438186619,12.044739558607025,7.526627535495193,21.92704358332107,0.1612251624044614,0.008947911721405034,9.800230191927941,0.0,0.0,-0.022763496578951936
14.65,synthetic_2,13.103754971230867,80.2911345915577,12.043567898610487,7.534725775357668,21.86171520708119,0.16269177875954277,0.008713579722097513,9.798935290638585,0.0,0.0,-0.02284386844842501
14.700000000000001,synthetic_2,13.103758956680535,80.29113478971033,12.042287341557147,7.542896713371147,21.796157858336386,0.16413297485518896,0.008457468311429335,9.789827196813318,0.0,0.0,-0.022923347982190534
14.75,synthetic_2,13.103762949450834,80.29113497631997,12.040901088172735,7.551139072843187,21.730374097912264,0.1655485255074307,0.008180217634546941,9.807103182151016,0.0,0.0,-0.023001932075591425
14.8,synthetic_2,13.103766949548257,80.29113515138287,12.039412603368765,7.55945156592189,21.66436649547859,0.16693820953937788,0.007882520673753163,9.80190513938249,0.0,0.0,-0.023079617658945395
14.850000000000001,synthetic_2,13.1037709569784,80.29113531489567,12.037825607582063,7.567832893797124,21.59813762944895,0.16830180981570741,0.007565121516412409,9.81527487839001,0.0,0.0,-0.023156401697667084
14.9,synthetic_2,13.103774971745969,80.29113546685531,12.036144067475599,7.576281746903461,21.531690086879998,0.16963911327668058,0.00722881349511976,9.805113649588208,0.0,0.0,-0.02323228119239351
14.950000000000001,synthetic_2,13.10377899385477,80.29113560725915,12.034372186023912,7.5847968051247925,21.465026463370418,0.17094991097132528,0.006874437204782592,9.814506143983904,0.0,0.0,-0.02330725317908955
15.0,synthetic_2,13.103783023307711,80.2911357361049,12.032514392007856,7.593376738000593,21.39814936295953,0.17223399809016549,0.006502878401571169,9.794267288279048,0.0,0.0,-0.023381314729173375
15.05,synthetic_2,13.103787060106798,80.29113585339067,12.030575328944947,7.602020204933809,21.331061398025547,0.17349117399724,0.006115065788989408,9.80992694195827,0.0,0.0,-0.023454462949621946
15.100000000000001,synthetic_2,13.103791104253139,80.29113595911492,12.028559843482999,7.610725855400317,21.263765189183598,0.17472124226132202,0.005711968696599872,9.813416550549396,0.0,0.0,-0.023526694983093677
15.15,synthetic_2,13.103795155746933,80.29113605327653,12.026472973286022,7.619492329159941,21.19626336518326,0.17592401068677432,0.005294594657204644,9.81357876338104,0.0,0.0,-0.023598008008036686
15.200000000000001,synthetic_2,13.103799214587475,80.29113613587478,12.02431993444269,7.628318256468995,21.128558562805956,0.177099291343481,0.004863986888537981,9.803447013372326,0.0,0.0,-0.023668399238789273
15.25,synthetic_2,13.103803280773155,80.29113620690931,12.022106108428828,7.637202258294289,21.06065342676193,0.17824690059621062,0.0044212216857653945,9.797379507186756,0.0,0.0,-0.023737865925709256
15.3,synthetic_2,13.10380735430145,80.29113626638022,12.01983702865653,7.646142946528616,20.992550609586903,0.17936665913337535,0.003967405731306121,9.822842849079242,0.0,0.0,-0.023806405355258353
15.350000000000001,synthetic_2,13.103811435168936,80.291136314288,12.017518366643518,7.655138924207627,20.924252771538537,0.18045839199496427,0.0035036733287035445,9.804303483257607,0.0,0.0,-0.023874014850124303
15.4,synthetic_2,13.10381552337127,80.29113635063354,12.015155917837285,7.664188785728112,20.855762580492424,0.18152192859995253,0.0030311835674570226,9.794372674518502,0.0,0.0,-0.023940691769323563
15.450000000000001,synthetic_2,13.103819618903206,80.29113637541819,12.012755587129508,7.673291117067622,20.787082711837954,0.18255710277290227,0.0025511174259017265,9.804171482640852,0.0,0.0,-0.024006433508292346
15.5,synthetic_2,13.103823721758582,80.29113638864371,12.01032337409689,7.682444496005402,20.718215848373767,0.18356375276995074,0.002064674819377966,9.809564980727226,0.0,0.0,-0.024071237499006526
15.55,synthetic_2,13.103827831930323,80.2911363903123,12.007865358005338,7.691647492344617,20.649164680202944,0.18454172130408786,0.0015730716010676025,9.799211098963838,0.0,0.0,-0.024135101210066012
15.600000000000001,synthetic_2,13.103831949410445,80.29113638042662,12.005387682614971,7.700898668135811,20.57993190462798,0.18549085556971434,0.001077536522994423,9.81041562183932,0.0,0.0,-0.024198022146802445
15.65,synthetic_2,13.103836074190049,80.29113635898977,12.00289654082392,7.710196577901589,20.510520226045355,0.18641100726655147,0.000579308164783948,9.815271550753836,0.0,0.0,-0.024259997851377446
15.700000000000001,synthetic_2,13.103840206259324,80.2911363260053,12.000398159189297,7.719539768862466,20.44093235583994,0.18730203262275147,7.963183785935568e-05,9.80591826244976,0.0,0.0,-0.024321025902869775
15.75,synthetic_2,13.103844345607547,80.29113628147724,11.997898782364057,7.728926781163864,20.371171012279078,0.18816379241741288,-0.00042024352718840794,9.816437601646765,0.0,0.0,-0.024381103917381908
15.8,synthetic_2,13.103848492223078,80.29113622541006,11.995404657488615,7.738356148104208,20.301238920406355,0.188996152002332,-0.0009190685022768164,9.805215437200951,0.0,0.0,-0.024440229548121084
15.850000000000001,synthetic_2,13.103852646093367,80.29113615780874,11.992922018576245,7.747826396364097,20.23113881193525,0.18979898132300832,-0.0014155962847511561,9.801712815115955,0.0,0.0,-0.024498400485500338
15.9,synthetic_2,13.103856807204957,80.29113607867875,11.99045707093129,7.757336046236508,20.160873425142313,0.19057215493901047,-0.0019085858137418937,9.822169826682417,0.0,0.0,-0.02455561445722898
15.950000000000001,synthetic_2,13.103860975543471,80.291135988026,11.988015975639147,7.766883611857998,20.090445504760286,0.19131555204350725,-0.0023968048721705717,9.812681048653467,0.0,0.0,-0.02461186922838754
16.0,synthetic_2,13.103865151093627,80.29113588585696,11.985604834166747,7.776467601440859,20.019857801870863,0.19202905648223023,-0.002879033166650653,9.807505606953548,0.0,0.0,-0.024667162601535453
16.05,synthetic_2,13.10386933383923,80.29113577217856,11.983229673112072,7.786086517506221,19.949113073797193,0.19271255677156596,-0.003354065377585613,9.788512572608612,0.0,0.0,-0.02472149241678101
16.1,synthetic_2,13.103873523763177,80.29113564699827,11.980896429140799,7.795738857118016,19.87821408399624,0.19336594611597313,-0.003820714171840091,9.792678858118647,0.0,0.0,-0.024774856551871283
16.150000000000002,synthetic_2,13.103877720847457,80.29113551032405,11.978610934147728,7.805423112117818,19.807163601950766,0.193989122424707,-0.004277813170454444,9.789818576099673,0.0,0.0,-0.02482725292227761
16.2,synthetic_2,13.103881925073154,80.29113536216441,11.976378900680077,7.815137769360486,19.735964403061207,0.19458198832772666,-0.004724219863984662,9.805993463528402,0.0,0.0,-0.02487867948127276
16.25,synthetic_2,13.103886136420444,80.29113520252838,11.974205907659094,7.824881310950591,19.6646192685372,0.19514445119094503,-0.005158818468181094,9.806116385699728,0.0,0.0,-0.024929134220017524
16.3,synthetic_2,13.1038903548686,80.29113503142554,11.972097386435662,7.834652214479581,19.59313098528899,0.19567642313068845,-0.0055805227128677935,9.810531795896027,0.0,0.0,-0.024978615167624563
16.35,synthetic_2,13.103894580395995,80.29113484886601,11.970058607214739,7.84444895326366,19.521502345818565,0.19617782102742787,-0.005988278557052371,9.816710628440728,0.0,0.0,-0.02502712039125332
16.400000000000002,synthetic_2,13.103898812980102,80.29113465486047,11.968094665882603,7.854269996582324,19.449736148110528,0.1966485665387463,-0.006381066823479502,9.791214737521468,0.0,0.0,-0.025074647996174426
16.45,synthetic_2,13.103903052597492,80.29113444942014,11.966210471269784,7.8641138099175345,19.37783519552287,0.19708858611162228,-0.006757905746043268,9.793006150087002,0.0,0.0,-0.02512119612584407
16.5,synthetic_2,13.103907299223842,80.29113423255686,11.964410732881543,7.873978855193486,19.305802296677403,0.1974978109938963,-0.007117853423691231,9.797285139026211,0.0,0.0,-0.025166762961987832
16.55,synthetic_2,13.103911552833939,80.29113400428298,11.962699949126568,7.883863591016924,19.233640265350065,0.19787617724500883,-0.007460010174686368,9.810950810465364,0.0,0.0,-0.025211346724652306
16.6,synthetic_2,13.103915813401674,80.29113376461149,11.961082396073285,7.893766472917987,19.16135192036105,0.19822362574600128,-0.007783520785342985,9.809283281519557,0.0,0.0,-0.025254945672290585
16.650000000000002,synthetic_2,13.103920080900052,80.29113351355593,11.959562116761923,7.903685953591524,19.08894008546462,0.19854010220876184,-0.008087576647615507,9.796055034036076,0.0,0.0,-0.025297558101824436
16.7,synthetic_2,13.10392435530119,80.29113325113049,11.958142911099012,7.913620483138863,19.016407589238895,0.19882555718448103,-0.008371417780197468,9.799403589675618,0.0,0.0,-0.02533918234871091
16.75,synthetic_2,13.103928636576324,80.29113297734992,11.956828326359604,7.923568509309972,18.943757264975268,0.19907994607139656,-0.008634334728079056,9.810182006820009,0.0,0.0,-0.025379816787012843
16.8,synthetic_2,13.103932924695808,80.29113269222958,11.955621648320925,7.933528477746003,18.870991950567785,0.19930322912177445,-0.008875670335815046,9.807076315040614,0.0,0.0,-0.0254194598294466
16.85,synthetic_2,13.103937219629122,80.2911323957855,11.954525893049643,7.94349883222215,18.798114488402305,0.19949537144808183,-0.009094821390071253,9.816511141568533,0.0,0.0,-0.025458109927462558
16.900000000000002,synthetic_2,13.103941521344868,80.29113208803429,11.953543799363281,7.953478014890811,18.725127725245414,0.19965634302844926,-0.009291240127343697,9.798300588864207,0.0,0.0,-0.02549576557129618
16.95,synthetic_2,13.103945829810785,80.29113176899322,11.95267782198459,7.963464466524995,18.652034512133284,0.19978611871144025,-0.00946443560308209,9.80501995087932,0.0,0.0,-0.02553242529002797
17.0,synthetic_2,13.103950144993735,80.29113143868022,11.951930125406022,7.973456626761955,18.578837704260245,0.19988467821985267,-0.009613974918795568,9.796516960913172,0.0,0.0,-0.025568087651646754
17.05,synthetic_2,13.10395446685973,80.29113109711382,11.951302578479632,7.98345293434698,18.50554016086729,0.19995200615394282,-0.009739484304073407,9.817841168686398,0.0,0.0,-0.02560275126309186
17.1,synthetic_2,13.103958795373911,80.29113074431326,11.950796749745917,7.993451827377349,18.432144745130405,0.1999880919938768,-0.009840650050816434,9.816600223730827,0.0,0.0,-0.02563641477032086
17.150000000000002,synthetic_2,13.103963130500574,80.29113038029843,11.950413903513281,8.003451743546368,18.35865432404867,0.1999929301013026,-0.009917219297343894,9.8112422302476,0.0,0.0,-0.025669076858357842
17.2,synthetic_2,13.10396747220316,80.29113000508988,11.95015499669792,8.01345112038748,18.285071768332323,0.19996651972030932,-0.009969000660415962,9.816105616534381,0.0,0.0,-0.025700736251341727
17.25,synthetic_2,13.103971820444263,80.29112961870885,11.95002067643204,8.023448395518399,18.21139995229059,0.19990886497742721,-0.009995864713592172,9.820138182216688,0.0,0.0,-0.02573139171258676
17.3,synthetic_2,13.103976175185636,80.2911292211773,11.950011278446349,8.033442006885222,18.137641753719407,0.1998199748810947,-0.009997744310730111,9.82092401550565,0.0,0.0,-0.025761042044614713
17.35,synthetic_2,13.103980536388198,80.29112881251784,11.950126826230921,8.043430393006508,18.063800053789045,0.19969986332023737,-0.00997463475381581,9.823361235569694,0.0,0.0,-0.02578968608921317
17.400000000000002,synthetic_2,13.103984904012032,80.29112839275379,11.950367030976468,8.053411993217246,17.989877736931494,0.19954854906199415,-0.009926593804706327,9.79935694451642,0.0,0.0,-0.025817322727477166
17.45,synthetic_2,13.103989278016394,80.29112796190923,11.950731292296224,8.063385247912707,17.915877690727882,0.19936605574896404,-0.009853741540755202,9.798572529283025,0.0,0.0,-0.02584395087985414
17.5,synthetic_2,13.103993658359721,80.2911275200089,11.951218699726592,8.073348598792142,17.841802805795588,0.19915241189535138,-0.009756260054681576,9.819333031441358,0.0,0.0,-0.02586956950618946
17.55,synthetic_2,13.103998044999631,80.2911270670783,11.951828035002833,8.083300489102243,17.767655975675382,0.19890765088252493,-0.00963439299943326,9.802330585195746,0.0,0.0,-0.025894177605753077
17.6,synthetic_2,13.104002437892929,80.29112660314367,11.952557775104093,8.093239363880395,17.693440096718405,0.19863181095393756,-0.00948844497918124,9.788980866942515,0.0,0.0,-0.02591777421729724
17.650000000000002,synthetic_2,13.104006836995616,80.29112612823195,11.95340609606016,8.103163670197636,17.619158067972972,0.19832493520899774,-0.009318780787967886,9.802050650448852,0.0,0.0,-0.025940358419080378
17.7,synthetic_2,13.104011242262892,80.29112564237089,11.95437087751044,8.113071857401295,17.544812791071408,0.19798707159640827,-0.009125824497911845,9.816750479021088,0.0,0.0,-0.025961929328910394
17.75,synthetic_2,13.104015653649162,80.29112514558892,11.955449708003757,8.122962377357277,17.470407170116623,0.19761827290670553,-0.008910058399248534,9.801959669029353,0.0,0.0,-0.025982486104181857
17.8,synthetic_2,13.104020071108042,80.29112463791532,11.956639891025722,8.132833684691965,17.395944111568717,0.1972185967639284,-0.008672021794855813,9.814209463357054,0.0,0.0,-0.026002027941890993
17.85,synthetic_2,13.104024494592366,80.29112411938006,11.957938451738611,8.14268423703367,17.321426524131464,0.19678810561662985,-0.008412309652277598,9.809648155992683,0.0,0.0,-0.02602055407868953
17.900000000000002,synthetic_2,13.104028924054195,80.29112359001395,11.959342144416926,8.152512495253628,17.246857318638632,0.19632686672817812,-0.008131571116614864,9.793213470204027,0.0,0.0,-0.026038063790903565
17.95,synthetic_2,13.104033359444811,80.29112304984854,11.960847460559995,8.162316923706488,17.172239407940346,0.19583495216624058,-0.007830507888000987,9.811117410955486,0.0,0.0,-0.02605455639455967
18.0,synthetic_2,13.104037800714742,80.29112249891621,11.962450637661416,8.172095990470252,17.097575706789247,0.19531243879146842,-0.007509872467716761,9.806722967391472,0.0,0.0,-0.02607003124542373
18.05,synthetic_2,13.104042247813755,80.2911219372501,11.964147668613354,8.181848167585635,17.02286913172665,0.19475940824547067,-0.007170466277329218,9.801153894672007,0.0,0.0,-0.026084487739004292
18.1,synthetic_2,13.104046700690866,80.29112136488419,11.965934311722226,8.1915719312948,16.948122600968677,0.1941759469381843,-0.0068131376555549995,9.792361114058028,0.0,0.0,-0.026097925310599734
18.150000000000002,synthetic_2,13.104051159294348,80.29112078185325,11.967806101310723,8.201265762279453,16.873339034292147,0.19356214603423183,-0.0064387797378553935,9.822585337091496,0.0,0.0,-0.02611034343530716
18.2,synthetic_2,13.104055623571742,80.29112018819288,11.969758358879686,8.210928145898222,16.798521352920655,0.19291810143876376,-0.006048328224062842,9.797529820504467,0.0,0.0,-0.026121741628041817
18.25,synthetic_2,13.104060093469856,80.29111958393952,11.971786204801907,8.22055757242333,16.72367247941035,0.19224391378244832,-0.005642759039618552,9.786292760967006,0.0,0.0,-0.026132119443569857
18.3,synthetic_2,13.104064568934778,80.2911189691304,11.973884570518663,8.230152537276467,16.648795337535827,0.19153968840571522,-0.005223085896267315,9.814942727644382,0.0,0.0,-0.026141476476502223
18.35,synthetic_2,13.104069049911878,80.29111834380363,11.97604821120847,8.239711541263901,16.57389285217594,0.1908055353423599,-0.004790357758305961,9.802170208373596,0.0,0.0,-0.026149812361333513
18.400000000000002,synthetic_2,13.104073536345828,80.29111770799815,11.978271718896405,8.249233090810703,16.498967949199482,0.19004156930227722,-0.004345656220718935,9.818449023819895,0.0,0.0,-0.026157126772445305
18.45,synthetic_2,13.104078028180592,80.29111706175377,11.98054953597123,8.258715698194129,16.424023555350963,0.1892479096536448,-0.0038900928057541547,9.80557766026856,0.0,0.0,-0.026163419424117262
18.5,synthetic_2,13.104082525359447,80.29111640511113,11.982875969076519,8.268157881776068,16.34906259813623,0.1884246804041645,-0.0034248061846961254,9.806473023468758,0.0,0.0,-0.026168690070547673
18.55,synthetic_2,13.10408702782499,80.29111573811176,11.985245203341096,8.277558166234545,16.274088005708133,0.18757201018171799,-0.002950959331780938,9.812474809058338,0.0,0.0,-0.026172938505848453
18.6,synthetic_2,13.104091535519137,80.29111506079802,11.987651316913169,8.28691508279424,16.199102706752175,0.18669003221429392,-0.002469736617366209,9.807785866424611,0.0,0.0,-0.02617616456406735
18.650000000000002,synthetic_2,13.104096048383141,80.29111437321323,11.99008829576189,8.296227169455975,16.12410963037204,0.18577888430915124,-0.0019823408476220307,9.8077445449439,0.0,0.0,-0.026178368119184614
18.7,synthetic_2,13.104100566357594,80.2911136754015,11.99255004870929,8.305492971225155,16.049111705975264,0.18483870883128972,-0.001489990258141988,9.81742426713899,0.0,0.0,-0.026179549085124654
18.75,synthetic_2,13.104105089382445,80.29111296740791,11.995030422655057,8.314711040339104,15.974111863158717,0.18386965268124555,-0.0009939154689884817,9.797604909513828,0.0,0.0,-0.026179707415762143
18.8,synthetic_2,13.104109617396992,80.29111224927837,11.997523217956081,8.32387993649328,15.899113031594212,0.18287186727205196,-0.0004953564087836742,9.81217479240103,0.0,0.0,-0.026178843104905924
18.85,synthetic_2,13.104114150339905,80.29111152105972,12.000022203922333,8.332998227066309,15.824118140914091,0.18184550850563141,4.440784466461913e-06,9.809496826769728,0.0,0.0,-0.02617695618631899
18.900000000000002,synthetic_2,13.104118688149232,80.2911107827997,12.00252113439034,8.342064487343842,15.749130120596718,0.18079073674847734,0.0005042268780681477,9.790615306420184,0.0,0.0,-0.026174046733709044
18.95,synthetic_2,13.1041232307624,80.291110034547,12.005013763335354,8.351077300741157,15.67415189985212,0.17970771680651865,0.0010027526670709096,9.817702243996132,0.0,0.0,-0.026170114860725735
19.0,synthetic_2,13.104127778116238,80.29110927635118,12.007493860483148,8.360035259024494,15.5991864075075,0.1785966178994336,0.0014987720966295234,9.814310379523988,0.0,0.0,-0.02616516072096231
19.05,synthetic_2,13.104132330146975,80.29110850826272,12.00995522688246,8.3689369625311,15.524236571892859,0.17745761363416435,0.0019910453764919824,9.821989841489343,0.0,0.0,-0.026159184507932864
19.1,synthetic_2,13.104136886790247,80.29110773033307,12.012391710399148,8.37778102038791,15.449305320726644,0.17629088197779197,0.0024783420798295984,9.802291142073281,0.0,0.0,-0.026152186455084547
19.150000000000002,synthetic_2,13.10414144798112,80.29110694261458,12.014797221093316,8.386566050728879,15.374395581001302,0.175096605229772,0.002959444218663245,9.795674335281525,0.0,0.0,-0.026144166835779248
19.200000000000003,synthetic_2,13.104146013654086,80.29110614516054,12.017165746440995,8.395290680910888,15.29951027886904,0.17387496999340613,0.003433149288198987,9.837299590679628,0.0,0.0,-0.02613512596327916
19.25,synthetic_2,13.104150583743083,80.29110533802522,12.019491366362319,8.40395354772822,15.224652339527436,0.17262616714672774,0.0038982732724637858,9.796488493791937,0.0,0.0,-0.026125064190747893
19.3,synthetic_2,13.104155158181495,80.29110452126378,12.021768268018645,8.41255329762556,15.149824687105218,0.1713503918126591,0.004353653603728932,9.798727445764346,0.0,0.0,-0.02611398191121661
19.35,synthetic_2,13.104159736902165,80.29110369493236,12.023990760341619,8.421088586909486,15.075030244548067,0.17004784332849354,0.0047981520683237225,9.812184230441465,0.0,0.0,-0.02610187955758736
19.400000000000002,synthetic_2,13.104164319837414,80.29110285908808,12.026153288257884,8.42955808195841,15.000271933504361,0.16871872521473819,0.005230657651576994,9.80232404747759,0.0,0.0,-0.026088757602608093
19.450000000000003,synthetic_2,13.104168906919035,80.29110201378899,12.028250446573876,8.43796045943096,14.92555267421114,0.1673632451434237,0.00565008931477517,9.810763934821864,0.0,0.0,-0.02607461655884935
19.5,synthetic_2,13.104173498078318,80.29110115909411,12.03027699348598,8.446294406472752,14.850875385379961,0.16598161490557928,0.006055398697196011,9.793406097697114,0.0,0.0,-0.02605945697870038
19.55,synthetic_2,13.104178093246045,80.29110029506343,12.032227863682323,8.454558620921517,14.776242984082913,0.1645740503780857,0.006445572736464569,9.789681450608194,0.0,0.0,-0.026043279454325274
19.6,synthetic_2,13.104182692352518,80.29109942175793,12.034098181003406,8.46275181151056,14.7016583856387,0.16314077149003126,0.0068196362006813565,9.801177189525538,0.0,0.0,-0.02602608461765854
19.650000000000002,synthetic_2,13.104187295327556,80.29109853923954,12.035883270629972,8.47087269807052,14.627124503498694,0.16168200218835693,0.007176654125994315,9.813379768248826,0.0,0.0,-0.026007873140370674
19.700000000000003,synthetic_2,13.104191902100506,80.2910976475712,12.037578670767607,8.478920011729397,14.552644249133213,0.1601979704027734,0.007515734153521506,9.806320261705665,0.0,0.0,-0.02598864573384263
19.75,synthetic_2,13.104196512600264,80.2910967468168,12.039180143798918,8.486892495110798,14.478220531917707,0.15868890801023383,0.007836028759783554,9.818591300267759,0.0,0.0,-0.02596840314914972
19.8,synthetic_2,13.104201126755274,80.29109583704125,12.040683686875354,8.49478890253042,14.40385625901916,0.15715505079867853,0.008136737375071054,9.804025304416244,0.0,0.0,-0.025947146177008884
19.85,synthetic_2,13.104205744493544,80.29109491831043,12.042085541922258,8.502608000190666,14.329554335282545,0.1555966384301577,0.008417108384451784,9.808530229082303,0.0,0.0,-0.025924875647770074
19.900000000000002,synthetic_2,13.104210365742656,80.29109399069124,12.043382205032083,8.510348566373436,14.255317663117289,0.1540139144034569,0.008676441006416692,9.7975805983727,0.0,0.0,-0.02590159243137241
19.950000000000003,synthetic_2,13.104214990429778,80.29109305425152,12.044570435222344,8.518009391631011,14.181149142383981,0.15240712601595874,0.008914087044468683,9.792055886863073,0.0,0.0,-0.025877297437311986
20.0,synthetic_2,13.10421961848167,80.29109210906016,12.04564726253638,8.525589278975032,14.107051670281022,0.1507765243250958,0.009129452507276276,9.794528463008422,0.0,0.0,-0.025851991614614933
20.05,synthetic_2,13.104224249824705,80.29109115518705,12.046609995466714,8.533087044063521,14.03302814123148,0.14912236410905777,0.00932199909334265,9.798710126992507,0.0,0.0,-0.025825675951780813
20.1,synthetic_2,13.104228884384868,80.29109019270305,12.047456227682394,8.540501515385937,13.959081446770067,0.1474449038270187,0.009491245536478947,9.826267299275209,0.0,0.0,-0.02579835147676318
20.150000000000002,synthetic_2,13.104233522087776,80.29108922168007,12.048183844043596,8.547831534446223,13.885214475430116,0.1457444055787427,0.009636768808719165,9.793801720615146,0.0,0.0,-0.025770019256921572
20.200000000000003,synthetic_2,13.104238162858685,80.291088242191,12.048791025888349,8.555075955943812,13.81143011263082,0.1440211350635856,0.009758205177669763,9.797841925601011,0.0,0.0,-0.025740680398978477
20.25,synthetic_2,13.104242806622501,80.29108725430973,12.049276255578256,8.562233647952581,13.737731240564457,0.14227536153910592,0.009855251115651198,9.820332901417563,0.0,0.0,-0.025710336048983817
20.3,synthetic_2,13.104247453303795,80.2910862581112,12.049638320291795,8.569303492097722,13.664120738083838,0.14050735777885848,0.009927664058359072,9.799997162647024,0.0,0.0,-0.02567898739225416
20.35,synthetic_2,13.10425210282681,80.29108525367134,12.049876315055743,8.576284383730467,13.590601480589877,0.1387174000297975,0.009975263011148544,9.812527278057992,0.0,0.0,-0.025646635653344685
20.400000000000002,synthetic_2,13.104256755115475,80.2910842410671,12.049989645007134,8.583175232100702,13.517176339919198,0.13690576796919984,0.009997929001426693,9.783887617275042,0.0,0.0,-0.025613282095991452
20.450000000000003,synthetic_2,13.104261410093414,80.29108322037644,12.04997802688011,8.589974960527387,13.443848184232046,0.13507274466087793,0.009995605376022045,9.7969405189584,0.0,0.0,-0.025578928023061442
20.5,synthetic_2,13.10426606768396,80.29108219167834,12.04984148971394,8.59668250656679,13.370619877900165,0.13321861651103717,0.009968297942787993,9.811754344918524,0.0,0.0,-0.025543574776511757
20.55,synthetic_2,13.104270727810167,80.2910811550528,12.049580374780431,8.603296822178491,13.29749428139495,0.13134367322338747,0.009916074956086181,9.789670800358873,0.0,0.0,-0.025507223737318563
20.6,synthetic_2,13.10427539039482,80.29108011058085,12.04919533473093,8.609816873889129,13.224474251175739,0.129448207754006,0.009839066946186161,9.808426223340264,0.0,0.0,-0.025469876325441287
20.650000000000002,synthetic_2,13.104280055360444,80.29107905834452,12.048687331965038,8.616241642953891,13.151562639578154,0.12753251626554274,0.009737466393007686,9.806979995024657,0.0,0.0,-0.02543153399975906
20.700000000000003,synthetic_2,13.104284722629322,80.29107799842689,12.048057636225106,8.622570125515683,13.078762294702774,0.12559689808087526,0.009611527245021156,9.801012385936579,0.0,0.0,-0.025392198258011867
20.75,synthetic_2,13.1042893921235,80.29107693091201,12.047307821422544,8.628801332761979,13.006076060303803,0.12364165563639062,0.009461564284508709,9.803885290557572,0.0,0.0,-0.02535187063675226
20.8,synthetic_2,13.104294063764804,80.29107585588501,12.046439761703862,8.634934291079322,12.933506775678019,0.12166709443476975,0.009287952340772404,9.813668019718717,0.0,0.0,-0.02531055271126792
20.85,synthetic_2,13.10429873747485,80.291074773432,12.045455626766282,8.640968042205456,12.861057275553897,0.1196735229971857,0.00909112535325624,9.806099578785124,0.0,0.0,-0.025268246095536684
20.900000000000002,synthetic_2,13.104303413175053,80.29107368364012,12.044357876434617,8.64690164337904,12.788730389980802,0.11766125281509332,0.008871575286923495,9.816446769682802,0.0,0.0,-0.0252249524421555
20.950000000000003,synthetic_2,13.104308090786644,80.29107258659754,12.043149254513002,8.652734167486965,12.716528944218524,0.1156305983016459,0.008629850902600534,9.814415633269427,0.0,0.0,-0.025180673442274926
21.0,synthetic_2,13.104312770230676,80.29107148239343,12.041832781926804,8.658464703209205,12.644455758626851,0.1135818767424368,0.00836655638536056,9.821985657475997,0.0,0.0,-0.02513541082554388
21.05,synthetic_2,13.104317451428042,80.291070371118,12.040411749171877,8.664092355161209,12.572513648555415,0.1115154082460812,0.008082349834375502,9.802380367164625,0.0,0.0,-0.025089166360021953
21.1,synthetic_2,13.10432213429948,80.29106925286244,12.038889708090055,8.669616244033813,12.500705424233765,0.10943151569408727,0.007777941618010929,9.808301184327277,0.0,0.0,-0.025041941852128602
21.150000000000002,synthetic_2,13.104326818765593,80.29106812771902,12.037270462991374,8.675035506730618,12.429033890661515,0.10733052469038995,0.007454092598275017,9.796069619256382,0.0,0.0,-0.024993739146566274
21.200000000000003,synthetic_2,13.104331504746852,80.29106699578097,12.035558061145299,8.680349296502852,12.357501847498849,0.10521276351056486,0.0071116122290598,9.812791935702872,0.0,0.0,-0.024944560126245463
21.25,synthetic_2,13.104336192163615,80.29106585714253,12.03375678266464,8.685556783081674,12.286112088957097,0.10307856305049157,0.00675135653292801,9.799497863793587,0.0,0.0,-0.024894406712219486
21.3,synthetic_2,13.104340880936137,80.29106471189897,12.031871129807511,8.690657152807901,12.214867403689617,0.10092825677466166,0.006374225961502389,9.8127619155234,0.0,0.0,-0.024843280863595107
21.35,synthetic_2,13.104345570984577,80.2910635601466,12.029905815724028,8.69564960875914,12.143770574682884,0.09876218066404263,0.005981163144805719,9.803819497202749,0.0,0.0,-0.024791184577471204
21.400000000000002,synthetic_2,13.104350262229019,80.29106240198269,12.027865752675883,8.700533370874306,12.072824379147725,0.09658067316363983,0.005573150535176584,9.80489315130271,0.0,0.0,-0.024738119888851606
21.450000000000003,synthetic_2,13.104354954589477,80.2910612375055,12.025756039758251,8.705307676075504,12.002031588410901,0.09438407512954328,0.0051512079516502,9.808892770507175,0.0,0.0,-0.024684088870567944
21.5,synthetic_2,13.104359647985904,80.29106006681437,12.02358195015471,8.70997177838726,11.931394967806787,0.09217272977572577,0.004716390030941962,9.799185776996959,0.0,0.0,-0.02462909363320498
21.55,synthetic_2,13.104364342338217,80.29105889000955,12.021348917957024,8.714524949053077,11.860917276569383,0.08994698262041467,0.004269783591404784,9.79991413000142,0.0,0.0,-0.024573136325002354
21.6,synthetic_2,13.104369037566295,80.29105770719234,12.019062524582747,8.718966476649301,11.790601267724561,0.08770718143205514,0.0038125049165494015,9.80036964930304,0.0,0.0,-0.02451621913178631
21.650000000000002,synthetic_2,13.104373733589998,80.29105651846503,12.016728484824585,8.723295667196282,11.720449687982459,0.0854536761750424,0.003345696964916824,9.801177988889105,0.0,0.0,-0.02445834427687754
21.700000000000003,synthetic_2,13.104378430329177,80.29105532393088,12.014352632566386,8.727511844266806,11.650465277630257,0.08318681895499225,0.0028705265132772505,9.812785476852316,0.0,0.0,-0.024399514021004598
21.75,synthetic_2,13.104383127703686,80.29105412369415,12.01194090620148,8.731614349091782,11.580650770425075,0.08090696396370944,0.0023881812402958276,9.802683619546206,0.0,0.0,-0.024339730662220893
21.8,synthetic_2,13.104387825633394,80.29105291786007,12.009499333789773,8.735602540663177,11.511008893487215,0.07861446742390754,0.0018998667579543775,9.800820460871751,0.0,0.0,-0.024278996535800623
21.85,synthetic_2,13.104392524038195,80.29105170653486,12.007034017990748,8.739475795834172,11.441542367193662,0.07630968753352008,0.001406803598149522,9.814743708654406,0.0,0.0,-0.024217314014166325
21.900000000000002,synthetic_2,13.104397222838022,80.29105048982572,12.004551120809992,8.743233509416529,11.37225390507174,0.0739929844097098,0.0009102241619984434,9.813434648286492,0.0,0.0,-0.024154685506783125
21.950000000000003,synthetic_2,13.104401921952862,80.29104926784082,12.00205684819739,8.746875094275143,11.303146213693214,0.07166472003262925,0.00041136963947794865,9.804955693888514,0.0,0.0,-0.02409111346006576
22.0,synthetic_2,13.104406621302758,80.29104804068926,11.999557434535479,8.750399981419791,11.234221992568482,0.06932525818882596,-8.851309290403876e-05,9.831117295359393,0.0,0.0,-0.024026600357296146
22.05,synthetic_2,13.104411320807827,80.29104680848117,11.997059127056747,8.753807620094026,11.165483934041156,0.06697496441448791,-0.0005881745886505293,9.796059239873143,0.0,0.0,-0.023961148718503744
22.1,synthetic_2,13.104416020388276,80.29104557132756,11.994568170228796,8.75709747786124,11.096934723182926,0.06461420593822709,-0.0010863659542407977,9.822563463118522,0.0,0.0,-0.02389476110038591
22.150000000000002,synthetic_2,13.104420719964402,80.29104432934045,11.992090790146431,8.760269040687849,11.028577037688606,0.062243351623720855,-0.001581841970713916,9.80908900527585,0.0,0.0,-0.02382744009620158
22.200000000000003,synthetic_2,13.104425419456614,80.29104308263278,11.989633178969662,8.763321813023612,10.960413547771612,0.05986277191215805,-0.0020733642060676225,9.816538477439478,0.0,0.0,-0.023759188335666093
22.25,synthetic_2,13.104430118785443,80.29104183131845,11.987201479446533,8.766255317879065,10.892446916059594,0.05747283876429421,-0.0025597041106933307,9.803491638812709,0.0,0.0,-0.02369000848486097
22.3,synthetic_2,13.10443481787154,80.29104057551227,11.984801769559448,8.769069096900042,10.824679797490449,0.05507392560231139,-0.0030396460881104703,9.818156154805974,0.0,0.0,-0.02361990324611013
22.35,synthetic_2,13.104439516635713,80.29103931533,11.982440047333379,8.771762710439296,10.757114839208649,0.05266640725148264,-0.003511990533324415,9.79664520007663,0.0,0.0,-0.02354887535789163
22.400000000000002,synthetic_2,13.104444214998912,80.29103805088832,11.980122215843927,8.77433573762519,10.689754680461766,0.05025065988165878,-0.003975556831214361,9.814459732410116,0.0,0.0,-0.023476927594724417
22.450000000000003,synthetic_2,13.104448912882258,80.29103678230481,11.977854068462719,8.776787776427462,10.622601952497455,0.047827060948471,-0.004429186307456245,9.809084282960844,0.0,0.0,-0.023404062767056755
22.5,synthetic_2,13.104453610207045,80.29103550969799,11.975641274376974,8.779118443720037,10.555659278460604,0.0453959891343203,-0.004871745124605096,9.815495202159141,0.0,0.0,-0.023330283721166023
22.55,synthetic_2,13.104458306894758,80.29103423318729,11.973489364419509,8.781327375340894,10.488929273290896,0.04295782428922479,-0.005302127116098279,9.801659018145768,0.0,0.0,-0.023255593339032432
22.6,synthetic_2,13.104463002867076,80.291032952893,11.971403717244522,8.78341422614896,10.422414543620693,0.04051294737148936,-0.0057192565510956386,9.810715741775411,0.0,0.0,-0.0231799945382416
22.650000000000002,synthetic_2,13.10446769804589,80.29103166893633,11.969389545883768,8.785378670078043,10.356117687673143,0.03806174038814447,-0.006122090823246492,9.798672372581438,0.0,0.0,-0.023103490271861316
22.700000000000003,synthetic_2,13.104472392353308,80.29103038143937,11.967451884716688,8.787220400187774,10.290041295160773,0.03560458633529606,-0.006509623056662496,9.802918489295465,0.0,0.0,-0.0230260835283283
22.75,synthetic_2,13.104477085711675,80.2910290905251,11.965595576887084,8.788939128711572,10.224187947184252,0.033141869138262336,-0.006880884622582969,9.804025273660327,0.0,0.0,-0.022947777331338848
22.8,synthetic_2,13.104481778043573,80.29102779631734,11.963825262197787,8.7905345871016,10.158560216131603,0.030673973591603954,-0.00723494756044245,9.80045120598875,0.0,0.0,-0.022868574739713377
22.85,synthetic_2,13.104486469271839,80.2910264989408,11.962145365513557,8.792006526070733,10.093160665577745,0.02820128529899435,-0.007570926897288676,9.801601044893212,0.0,0.0,-0.022788478847295124
22.900000000000002,synthetic_2,13.10449115931957,80.29102519852104,11.960560085701228,8.7933547156315,10.027991850184286,0.025724190612930187,-0.007887982859754186,9.794287773112664,0.0,0.0,-0.02270749278282025
22.950000000000003,synthetic_2,13.104495848110144,80.29102389518447,11.959073385134738,8.794578945132026,9.963056315599808,0.023243076574406274,-0.008185322973052373,9.805254521315353,0.0,0.0,-0.022625619709794043
23.0,synthetic_2,13.104500535567215,80.29102258905831,11.957688979791241,8.79567902328894,9.898356598360365,0.020758330852466145,-0.008462204041751707,9.82098415643502,0.0,0.0,-0.022542862826377408
23.05,synthetic_2,13.104505221614737,80.29102128027067,11.956410329963113,8.796654778217272,9.83389522579043,0.018270341683557234,-0.008717934007377352,9.834868058327562,0.0,0.0,-0.02245922536524697
23.1,synthetic_2,13.104509906176968,80.29101996895044,11.955240631609016,8.797506057457296,9.769674715904184,0.015779497810921583,-0.008951873678196817,9.798150366845045,0.0,0.0,-0.02237471059348156
23.150000000000002,synthetic_2,13.104514589178482,80.29101865522732,11.954182808365667,8.798232727998364,9.705697577307115,0.013286188423879963,-0.00916343832686648,9.798949571062705,0.0,0.0,-0.02228932181242871
23.200000000000003,synthetic_2,13.104519270544175,80.29101733923183,11.953239504240273,8.798834676299684,9.641966309098079,0.010790803096920598,-0.009352099151945402,9.809865644817945,0.0,0.0,-0.0222030623575753
23.25,synthetic_2,13.104523950199283,80.2910160210953,11.952413077001882,8.799311808308056,9.57848340077163,0.008293731728912235,-0.009517384599623535,9.811519695276997,0.0,0.0,-0.02211593559842462
23.3,synthetic_2,13.104528628069385,80.29101470094984,11.951705592288196,8.799664049472575,9.515251332120792,0.00579536448221063,-0.009658881542360704,9.793627340723736,0.0,0.0,-0.022027944938350363
23.35,synthetic_2,13.104533304080416,80.29101337892833,11.951118818442549,8.799891344756277,9.452272573140226,0.0032960917216051655,-0.009776236311490237,9.783520110615962,0.0,0.0,-0.021939093814478117
23.400000000000002,synthetic_2,13.104537978158675,80.29101205516442,11.950654222093968,8.799993658644736,9.389549583929675,0.0007963039533542826,-0.009869155581206494,9.809127968274682,0.0,0.0,-0.021849385697543522
23.450000000000003,synthetic_2,13.104542650230835,80.29101072979252,11.950312964491367,8.799970975151613,9.327084814597951,-0.0017036082357613225,-0.009937407101726602,9.819881415865312,0.0,0.0,-0.021758824091756557
23.5,synthetic_2,13.104547320223958,80.29100940294781,11.950095898601031,8.79982329782116,9.264880705167153,-0.004203254239545373,-0.009980820279793964,9.82073820017422,0.0,0.0,-0.02166741253467358
23.55,synthetic_2,13.104551988065495,80.2910080747662,11.950003566974637,8.799550649727658,9.202939685477386,-0.0067022434934216335,-0.009999286605072563,9.80646684158776,0.0,0.0,-0.0215751545970419
23.6,synthetic_2,13.1045566536833,80.29100674538431,11.95003620039317,8.799153073471818,9.141264175091875,-0.009200185535380712,-0.009992759921366277,9.820443742323402,0.0,0.0,-0.021482053882677377
23.650000000000002,synthetic_2,13.10456131700564,80.2910054149395,11.950193717290073,8.79863063117412,9.079856583202382,-0.011696690067068971,-0.00996125654198534,9.804863677581919,0.0,0.0,-0.02138811402831453
23.700000000000003,synthetic_2,13.104565977961206,80.29100408356986,11.950475723955142,8.79798340446511,9.018719308535177,-0.01419136701471757,-0.00990485520897156,9.792604537829014,0.0,0.0,-0.02129333870346528
23.75,synthetic_2,13.104570636479115,80.29100275141414,11.95088151551858,8.797211494472648,8.957854739257268,-0.01668382659014256,-0.009823696896284232,9.80522116490504,0.0,0.0,-0.021197731610284043
23.8,synthetic_2,13.104575292488926,80.29100141861181,11.951410077712806,8.796315021806096,8.897265252883145,-0.019173679351638384,-0.009717984457438633,9.816894923412248,0.0,0.0,-0.021101296483405918
23.85,synthetic_2,13.104579945920644,80.29100008530303,11.95206008940761,8.795294126537485,8.836953216181929,-0.021660536264729302,-0.009587982118477906,9.807859204329473,0.0,0.0,-0.02100403708981652
23.900000000000002,synthetic_2,13.104584596704733,80.29099875162856,11.952829925912273,8.794148968179623,8.776920985084871,-0.02414400876308065,-0.009434014817545543,9.80090387199756,0.0,0.0,-0.020905957228699035
23.950000000000003,synthetic_2,13.104589244772118,80.29099741772991,11.953717663036453,8.792879725661177,8.717170904593381,-0.026623708809179192,-0.009256467392709257,9.807101160500427,0.0,0.0,-0.020807060731284355
24.0,synthetic_2,13.104593890054202,80.29099608374916,11.954721081899669,8.791486597298706,8.657705308687373,-0.02909924895496019,-0.00905578362006624,9.809923114571449,0.0,0.0,-0.02070735146070868
24.05,synthetic_2,13.104598532482866,80.2909947498291,11.95583767447733,8.78996980076568,8.598526520234115,-0.03157024240229234,-0.008832465104533982,9.807949912228318,0.0,0.0,-0.02060683331184837
24.1,synthetic_2,13.104603171990483,80.29099341611305,11.957064649869503,8.788329573058476,8.539636850897523,-0.03403630306348049,-0.008587070026099295,9.809595779072508,0.0,0.0,-0.020505510211181466
24.150000000000002,synthetic_2,13.104607808509925,80.29099208274505,11.958398941276705,8.786566170459333,8.481038601047803,-0.036497045621572966,-0.008320211744658978,9.810342502689185,0.0,0.0,-0.02040338611662945
24.200000000000003,synthetic_2,13.104612441974567,80.29099074986964,11.959837213665303,8.784679868496319,8.422734059671654,-0.038952085590509,-0.008032557266939527,9.817243813201568,0.0,0.0,-0.02030046501740046
24.25,synthetic_2,13.104617072318296,80.29098941763203,11.961375872103362,8.782670961900282,8.364725504282802,-0.041401039375337234,-0.007724825579327704,9.807896249041013,0.0,0.0,-0.020196750933841323
24.3,synthetic_2,13.104621699475526,80.29098808617796,11.963011070746106,8.780539764558785,8.307015200833053,-0.043843524331990125,-0.007397785850778934,9.805056629306966,0.0,0.0,-0.020092247917265216
24.35,synthetic_2,13.104626323381195,80.29098675565375,11.964738722448521,8.778286609467083,8.24960540362382,-0.046279158827164935,-0.00705225551029561,9.8101599245318,0.0,0.0,-0.01998696004980899
24.400000000000002,synthetic_2,13.104630943970779,80.29098542620628,11.9665545089811,8.775911848676069,8.192498355217989,-0.04870756229793827,-0.006689098203780216,9.812484877651212,0.0,0.0,-0.0198808914442683
24.450000000000003,synthetic_2,13.104635561180297,80.29098409798296,11.968453891823149,8.773415853237289,8.135696286352388,-0.0511283553111852,-0.006309221635370375,9.789174606143224,0.0,0.0,-0.019774046243932475
24.5,synthetic_2,13.104640174946317,80.29098277113174,11.970432123506743,8.77079901314495,8.079201415850605,-0.053541159622945145,-0.005913575298651243,9.81803995245037,0.0,0.0,-0.01966642862243101
24.55,synthetic_2,13.104644785205965,80.2909814458011,11.97248425948292,8.768061737274994,8.02301595053633,-0.05594559823743239,-0.005503148103415938,9.823536707389072,0.0,0.0,-0.019558042783561214
24.6,synthetic_2,13.104649391896933,80.29098012213997,11.97460517048047,8.765204453321207,7.967142085147168,-0.05834129546601119,-0.005078965903906221,9.806842702346492,0.0,0.0,-0.019448892961133057
24.650000000000002,synthetic_2,13.104653994957479,80.29097880029785,11.976789555326445,8.762227607728393,7.911582002248869,-0.06072787698588655,-0.004642088934711048,9.812725134521814,0.0,0.0,-0.019338983418795974
24.700000000000003,synthetic_2,13.104658594326445,80.29097748042467,11.979031954196339,8.759131665622618,7.856337872150119,-0.06310496989852865,-0.004193609160732282,9.799208977466183,0.0,0.0,-0.01922831844987649
24.75,synthetic_2,13.104663189943253,80.29097616267083,11.981326762260794,8.75591711073854,7.801411852817722,-0.0654722027879906,-0.0037346475478411472,9.813316837198629,0.0,0.0,-0.01911690237721586
24.8,synthetic_2,13.104667781747912,80.29097484718719,11.983668243694764,8.75258444534382,7.746806089792312,-0.06782920577899532,-0.0032663512610472223,9.798094845725297,0.0,0.0,-0.01900473955298576
24.85,synthetic_2,13.104672369681031,80.29097353412507,11.986050546014082,8.74913419016064,7.69252271610458,-0.0701756105945961,-0.002789890797183532,9.80839984627091,0.0,0.0,-0.018891834358533144
24.900000000000002,synthetic_2,13.104676953683823,80.29097222363619,11.98846771470363,8.74556688428436,7.6385638521918935,-0.07251105061380159,-0.002306457059273922,9.812349680844456,0.0,0.0,-0.018778191204202876
24.950000000000003,synthetic_2,13.104681533698104,80.2909709158727,11.990913708100521,8.74188308509926,7.5849316058155285,-0.0748351609288811,-0.001817258379895744,9.79873730829889,0.0,0.0,-0.0186638145291651
25.0,synthetic_2,13.104686109666305,80.29096961098716,11.99338241249511,8.738083368191472,7.531628071978282,-0.0771475784022968,-0.0013235175009777304,9.795529736533892,0.0,0.0,-0.018548708801248148
25.05,synthetic_2,13.104690681531478,80.29096830913251,11.995867657412091,8.734168327259031,7.47865533284266,-0.07944794172354719,-0.0008264685175818273,9.803149311737508,0.0,0.0,-0.01843287851675146
25.1,synthetic_2,13.104695249237299,80.29096701046204,11.998363231033458,8.730138574019117,7.4260154576495605,-0.08173589146556637,-0.00032735379330845317,9.800961947230649,0.0,0.0,-0.01831632820028184
25.150000000000002,synthetic_2,13.10469981272807,80.29096571512945,12.000862895724827,8.725994738112474,7.373710502637401,-0.08401107014082143,0.00017257914496563218,9.803367382572118,0.0,0.0,-0.0181990624045697
25.200000000000003,synthetic_2,13.104704371948733,80.29096442328876,12.003360403626274,8.721737467005035,7.321742510961855,-0.08627312225726769,0.0006720807252547848,9.795609341540546,0.0,0.0,-0.018081085710295874
25.25,synthetic_2,13.104708926844864,80.29096313509433,12.005849512268718,8.717367425886748,7.270113512615975,-0.08852169437389534,0.0011699024537436405,9.81742327381978,0.0,0.0,-0.01796240272591315
25.3,synthetic_2,13.10471347736269,80.29096185070085,12.008324000176858,8.712885297567645,7.218825524350944,-0.09075643515590315,0.0016648000353715925,9.803890689179228,0.0,0.0,-0.017843018087456697
25.35,synthetic_2,13.104718023449083,80.29096057026331,12.010777682419612,8.708291782371157,7.167880549597289,-0.09297699542953453,0.0021555364839222135,9.811003557493224,0.0,0.0,-0.017722936458375305
25.400000000000002,synthetic_2,13.104722565051567,80.290959293937,12.013204426069224,8.703587598024692,7.1172805783866,-0.0951830282367716,0.0026408852138447288,9.79033424089803,0.0,0.0,-0.017602162529341686
25.450000000000003,synthetic_2,13.10472710211833,80.29095802187746,12.015598165530395,8.69877347954748,7.067027587273829,-0.09737418888953187,0.003119633106079064,9.800719599042221,0.0,0.0,-0.01748070101807178
25.5,synthetic_2,13.104731634598215,80.29095675424055,12.017952917701109,8.693850179135739,7.017123539260044,-0.0995501350233674,0.003590583540221683,9.822537852453154,0.0,0.0,-0.0173585566691431
25.55,synthetic_2,13.104736162440735,80.29095549118237,12.020262796927268,8.688818466045143,6.967570383715772,-0.10171052665114644,0.0040525593854535405,9.797819635710994,0.0,0.0,-0.01723573425380029
25.6,synthetic_2,13.104740685596074,80.29095423285922,12.02252202971377,8.683679126470624,6.9183700563048625,-0.10385502621607756,0.004504405942753893,9.809431894568304,0.0,0.0,-0.017112238569780558
25.650000000000002,synthetic_2,13.104745204015085,80.29095297942766,12.024724969155233,8.678432963423536,6.869524478908831,-0.10598329864441425,0.004944993831046627,9.827476684080592,0.0,0.0,-0.01698807444111758
25.700000000000003,synthetic_2,13.104749717649304,80.29095173104446,12.026866109050324,8.673080796606182,6.821035559551852,-0.10809501139798172,0.005373221810064748,9.806565056418926,0.0,0.0,-0.016863246717955388
25.75,synthetic_2,13.104754226450943,80.29095048786657,12.028940097664387,8.667623462283737,6.772905192326164,-0.11018983452595776,0.005788019532877502,9.821629009913897,0.0,0.0,-0.016737760276364783
25.8,synthetic_2,13.104758730372902,80.29094925005113,12.030941751106003,8.662061813153587,6.72513525731811,-0.11226744071645811,0.006188350221200393,9.797624358975684,0.0,0.0,-0.016611620018140566
25.85,synthetic_2,13.104763229368764,80.29094801775547,12.032866066284004,8.656396718212092,6.677727620534714,-0.11432750534774883,0.0065732132568007764,9.801798969778137,0.0,0.0,-0.016484830870622108
25.900000000000002,synthetic_2,13.104767723392806,80.29094679113705,12.034708233412612,8.650629062618812,6.630684133830748,-0.11636970653890799,0.006941646682522446,9.805978185525422,0.0,0.0,-0.016357397786493783
25.950000000000003,synthetic_2,13.104772212399993,80.29094557035347,12.036463648033388,8.6447597475582,6.584006634836442,-0.11839372520020319,0.007292729606677515,9.801170993965135,0.0,0.0,-0.01622932574359276
26.0,synthetic_2,13.10477669634599,80.29094435556247,12.03812792252398,8.638789690098791,6.53769694688566,-0.12039924508279398,0.007625584504796027,9.809999362007927,0.0,0.0,-0.016100619744720684
26.05,synthetic_2,13.104781175187156,80.2909431469219,12.039696897064902,8.632719823049921,6.491756878944692,-0.12238595282829223,0.007939379412980212,9.788819418259813,0.0,0.0,-0.015971284817436898
26.1,synthetic_2,13.104785648880556,80.29094194458972,12.041166650036905,8.626551094815962,6.44618822554161,-0.12435353801768301,0.008233330007380815,9.79596540737913,0.0,0.0,-0.015841326013870394
26.150000000000002,synthetic_2,13.104790117383953,80.29094074872394,12.042533507822991,8.620284469248153,6.400992766696135,-0.12630169321973028,0.008506701564598344,9.819649619894394,0.0,0.0,-0.01571074841052067
26.200000000000003,synthetic_2,13.104794580655813,80.29093955948267,12.043794053990544,8.61392092549399,6.356172267850139,-0.12823011403915174,0.008758810798108911,9.807760589244944,0.0,0.0,-0.015579557108058029
26.25,synthetic_2,13.104799038655313,80.29093837702406,12.044945137830624,8.607461457844238,6.311728479798658,-0.1301384991641541,0.008989027566124672,9.811431914775966,0.0,0.0,-0.015447757231128317
26.3,synthetic_2,13.104803491342338,80.29093720150631,12.0459838822331,8.600907075577574,6.267663138621504,-0.13202655041345324,0.0091967764466202,9.823372456776976,0.0,0.0,-0.01531535392814587
26.35,synthetic_2,13.104807938677476,80.29093603308765,12.046907690877939,8.594258802802893,6.223977965615472,-0.13389397278283255,0.009381538175587758,9.78910199350116,0.0,0.0,-0.01518235237109783
26.400000000000002,synthetic_2,13.104812380622034,80.29093487192631,12.047714254724635,8.58751767829929,6.18067466722707,-0.1357404744913815,0.00954285094492698,9.776704880836283,0.0,0.0,-0.015048757755340425
26.450000000000003,synthetic_2,13.10481681713803,80.29093371818054,12.048401557783622,8.580684755353754,6.137754934985894,-0.1375657670269348,0.009680311556724585,9.824249836673708,0.0,0.0,-0.014914575299395938
26.5,synthetic_2,13.10482124818819,80.29093257200854,12.048967882155196,8.573761101596597,6.095220445438525,-0.13936956519128074,0.009793576431039171,9.792835204395445,0.0,0.0,-0.014779810244752445
26.55,synthetic_2,13.104825673735961,80.29093143356852,12.049411812323362,8.566747798834626,6.0530728600830415,-0.1411515871446234,0.009882362464672176,9.807322136302918,0.0,0.0,-0.014644467855649407
26.6,synthetic_2,13.104830093745504,80.29093030301861,12.049732238693892,8.559645942882135,6.011313825304153,-0.1429115544496362,0.009946447738778381,9.79024142249483,0.0,0.0,-0.014508553418883102
26.650000000000002,synthetic_2,13.104834508181694,80.29092918051691,12.049928360367737,8.552456643389663,5.969944972308831,-0.14464919211501837,0.009985672073547487,9.780932195857712,0.0,0.0,-0.014372072243594436
26.700000000000003,synthetic_2,13.104838917010124,80.29092806622143,12.04999968714285,8.545181023670633,5.928967917062646,-0.14636422863841148,0.009999937428570208,9.805694936470973,0.0,0.0,-0.014235029661058968
26.75,synthetic_2,13.104843320197105,80.29092696029011,12.04994604073944,8.537820220525822,5.8883842602266085,-0.14805639604885457,0.009989208147888241,9.81110805792035,0.0,0.0,-0.01409743102448957
26.8,synthetic_2,13.104847717709662,80.29092586288077,12.049767555245579,8.530375384065747,5.848195587094642,-0.1497254299486528,0.009953511049115592,9.798195442549293,0.0,0.0,-0.013959281708812998
26.85,synthetic_2,13.104852109515543,80.29092477415112,12.049464676782042,8.522847677530956,5.808403467531694,-0.15137106955465995,0.009892935356408498,9.781036592923511,0.0,0.0,-0.013820587110469629
26.900000000000002,synthetic_2,13.104856495583206,80.29092369425875,12.049038162387257,8.515238277110281,5.769009455912361,-0.15299305773897487,0.009807632477451521,9.809484133895095,0.0,0.0,-0.01368135264719933
26.950000000000003,synthetic_2,13.104860875881833,80.29092262336111,12.048489078125085,8.507548371757059,5.730015091060228,-0.1545911410692824,0.00969781562501717,9.825394216213155,0.0,0.0,-0.013541583757829684
27.0,synthetic_2,13.10486525038132,80.29092156161548,12.047818796420225,8.499779163003353,5.691421896187705,-0.15616506984830636,0.00956375928404503,9.789101701535321,0.0,0.0,-0.013401285902069071
27.05,synthetic_2,13.104869619052277,80.29092050917897,12.047028992627862,8.491931864772228,5.653231378836555,-0.15771459815290712,0.00940579852557232,9.814031621830747,0.0,0.0,-0.0132604645602806
27.1,synthetic_2,13.104873981866033,80.2909194662085,12.046121640846154,8.484007703188063,5.615445030819018,-0.15923948387243314,0.009224328169230857,9.809156483902106,0.0,0.0,-0.013119125233281154
27.150000000000002,synthetic_2,13.104878338794633,80.29091843286082,12.045099008982017,8.476007916384985,5.5780643281594955,-0.16073948874653965,0.009019801796403562,9.787882246303685,0.0,0.0,-0.012977273442121295
27.200000000000003,synthetic_2,13.104882689810832,80.29091740929245,12.043963653082535,8.467933754313409,5.541090731036942,-0.16221437840254538,0.008792730616507226,9.81648413219554,0.0,0.0,-0.01283491472786627
27.25,synthetic_2,13.104887034888103,80.29091639565965,12.042718410946176,8.45978647854473,5.504525683727792,-0.16366392239195449,0.008543682189235223,9.808231076097092,0.0,0.0,-0.012692054651388118
27.3,synthetic_2,13.104891374000623,80.29091539211849,12.041366395029769,8.451567362074213,5.468370614549549,-0.16508789422649883,0.008273279005953786,9.80497925430119,0.0,0.0,-0.012548698793138913
27.35,synthetic_2,13.10489570712329,80.29091439882477,12.039910984668989,8.44327768912208,5.432626935805015,-0.1664860714134342,0.00798219693379788,9.819165036411892,0.0,0.0,-0.012404852752938428
27.400000000000002,synthetic_2,13.104900034231703,80.290913415934,12.038355817631777,8.43491875493287,5.3972960437270885,-0.16785823549039236,0.007671163526355278,9.806725536853861,0.0,0.0,-0.012260522149754316
27.450000000000003,synthetic_2,13.104904355302171,80.29091244360144,12.036704781025808,8.426491865573041,5.3623793184242565,-0.16920417205957605,0.007340956205161524,9.819198771490075,0.0,0.0,-0.012115712621482422
27.5,synthetic_2,13.10490867031171,80.29091148198204,12.034962001582755,8.417998337726912,5.327878123826656,-0.17052367082111886,0.0069924003165509774,9.83261231014304,0.0,0.0,-0.011970429824728207
27.55,synthetic_2,13.104912979238039,80.29091053123044,12.033131835343603,8.40943949849093,5.293793807632811,-0.17181652560603666,0.006626367068720718,9.808592478025817,0.0,0.0,-0.011824679434579988
27.6,synthetic_2,13.10491728205958,80.29090959150096,12.031218856770819,8.400816685166308,5.260127701256998,-0.17308253440841526,0.006243771354163914,9.810863662609808,0.0,0.0,-0.011678467144395355
27.650000000000002,synthetic_2,13.104921578755453,80.29090866294757,12.029227847314575,8.392131245050088,5.226881119777206,-0.17432149941686959,0.0058455694629149626,9.800769051175848,0.0,0.0,-0.011531798665573023
27.700000000000003,synthetic_2,13.104925869305477,80.29090774572394,12.027163783461612,8.383384535224621,5.194055361883805,-0.17553322704570107,0.005432756692322449,9.82186279677194,0.0,0.0,-0.011384679727330926
27.75,synthetic_2,13.104930153690164,80.29090683998332,12.02503182429662,8.374577922345518,5.161651709828785,-0.1767175279649713,0.005006364859324151,9.79425446977252,0.0,0.0,-0.011237116076485698
27.8,synthetic_2,13.104934431890724,80.2909059458786,12.02283729860721,8.365712782428124,5.129671429375682,-0.1778742171300074,0.004567459721441928,9.801442639248146,0.0,0.0,-0.011089113477221607
27.85,synthetic_2,13.104938703889054,80.29090506356232,12.020585691564715,8.356790500632517,5.098115769750141,-0.1790031138104986,0.004117138312943141,9.806018253491896,0.0,0.0,-0.010940677710873092
27.900000000000002,synthetic_2,13.104942969667736,80.29090419318656,12.01828263101413,8.347812471047074,5.066985963591094,-0.18010404161863391,0.00365652620282618,9.804822561107517,0.0,0.0,-0.010791814575692449
27.950000000000003,synthetic_2,13.104947229210039,80.29090333490304,12.015933873407421,8.338780096470654,5.036283226902647,-0.18117682853668882,0.003186774681484188,9.799516134964053,0.0,0.0,-0.010642529886626256
28.0,synthetic_2,13.104951482499915,80.290902488863,12.013545289415394,8.329694788193406,5.006008759006541,-0.18222130694388383,0.0027090578830786904,9.81542189158259,0.0,0.0,-0.01049282947509153
28.05,synthetic_2,13.104955729521992,80.29090165521728,12.011122849254077,8.320557965776265,4.976163742495325,-0.1832373136426213,0.002224569850815534,9.803543584437477,0.0,0.0,-0.010342719188738275
28.1,synthetic_2,13.104959970261577,80.29090083411626,12.008672607762295,8.311371056829143,4.946749343186173,-0.1842246898838873,0.0017345215524589212,9.785127256747638,0.0,0.0,-0.010192204891232154
28.150000000000002,synthetic_2,13.104964204704643,80.29090002570983,12.006200689267713,8.302135496787876,4.9177667100753055,-0.18518328139213835,0.0012401378535425232,9.818252471974533,0.0,0.0,-0.010041292462018986
28.200000000000003,synthetic_2,13.104968432837836,80.29089923014745,12.003713272279217,8.29285272868993,4.889216975293152,-0.1861129383894422,0.0007426544558435778,9.823956020389259,0.0,0.0,-0.009889987796094374
28.25,synthetic_2,13.104972654648467,80.29089844757803,12.00121657404386,8.283524202948932,4.861101254060095,-0.18701351561876578,0.00024331480877202272,9.801067397002745,0.0,0.0,-0.009738296803780272
28.3,synthetic_2,13.104976870124505,80.29089767815003,11.998716835006972,8.274151377128053,4.833420644642917,-0.18788487236678364,-0.0002566329986055949,9.820228110704798,0.0,0.0,-0.009586225410485594
28.35,synthetic_2,13.10498107925458,80.29089692201137,11.996220303214306,8.264735715712254,4.806176228311907,-0.18872687248572717,-0.0007559393571385806,9.801314979878251,0.0,0.0,-0.009433779556480004
28.400000000000002,synthetic_2,13.104985282027974,80.29089617930944,11.993733218695178,8.25527868987948,4.779369069298607,-0.18953938441477192,-0.0012533562609643265,9.796710915441711,0.0,0.0,-0.009280965196659108
28.450000000000003,synthetic_2,13.104989478434618,80.2908954501911,11.991261797865635,8.245781777270777,4.75300021475427,-0.19032228120064332,-0.001747640426872984,9.797430605393348,0.0,0.0,-0.009127788300315187
28.5,synthetic_2,13.104993668465088,80.29089473480265,11.98881221799066,8.236246461759416,4.727070694708912,-0.19107544051728098,-0.002237556401867964,9.823022409366367,0.0,0.0,-0.008974254850903085
28.55,synthetic_2,13.104997852110605,80.29089403328983,11.986390601744224,8.226674233219049,4.701581522031114,-0.1917987446850944,-0.002721879651155157,9.820325861324877,0.0,0.0,-0.008820370845800812
28.6,synthetic_2,13.105002029363023,80.29089334579783,11.98400300190579,8.217066587290907,4.67653369238845,-0.19249208068927715,-0.003199399618841981,9.813602386104092,0.0,0.0,-0.008666142296083618
28.650000000000002,synthetic_2,13.105006200214827,80.2908926724712,11.981655386231516,8.20742502515012,4.651928184208574,-0.19315534019744618,-0.003668922753696812,9.796532864065195,0.0,0.0,-0.008511575226285845
28.700000000000003,synthetic_2,13.105010364659138,80.29089201345394,11.979353622537973,8.197751053271162,4.627765958641021,-0.1937884195766948,-0.004129275492405434,9.814645716997294,0.0,0.0,-0.008356675674162373
28.75,synthetic_2,13.10501452268969,80.29089136888942,11.97710346403566,8.188046183192451,4.60404795951966,-0.19439121990963315,-0.004579307192868114,9.795789173906853,0.0,0.0,-0.008201449690458107
28.8,synthetic_2,13.105018674300844,80.29089073892038,11.974910534948972,8.178311931280199,4.580775113325808,-0.19496364700996693,-0.0050178930102057415,9.812903695460898,0.0,0.0,-0.008045903338668864
28.85,synthetic_2,13.105022819487568,80.29089012368897,11.97278031645857,8.168549818491455,4.557948329152065,-0.19550561143713452,-0.005443936708286016,9.801194346003088,0.0,0.0,-0.00789004269480309
28.900000000000002,synthetic_2,13.105026958245444,80.29088952333663,11.970718133001284,8.158761370136485,4.535568498666784,-0.19601702851021585,-0.005856373399743005,9.800954531121416,0.0,0.0,-0.007733873847147327
28.950000000000003,synthetic_2,13.105031090570659,80.29088893800422,11.968729138961795,8.148948115640433,4.5136364960792505,-0.19649781832137947,-0.006254172207640943,9.80142147029783,0.0,0.0,-0.007577402896027929
29.0,synthetic_2,13.105035216459992,80.29088836783187,11.966818305789351,8.139111588304347,4.492153178105523,-0.19694790574824594,-0.006636338842129675,9.78591923100296,0.0,0.0,-0.0074206359535725075
29.05,synthetic_2,13.105039335910822,80.29088781295906,11.964990409571742,8.129253325065608,4.471119383934976,-0.19736722046554078,-0.007001918085651568,9.789093787869296,0.0,0.0,-0.0072635791434678965
29.1,synthetic_2,13.105043448921112,80.29088727352459,11.963250019097561,8.119374866257793,4.450535935197527,-0.19775569695616113,-0.007349996180487777,9.805149090874185,0.0,0.0,-0.007106238600726594
29.150000000000002,synthetic_2,13.105047555489412,80.29088674966657,11.961601484436617,8.109477755369992,4.430403635931517,-0.19811327452144312,-0.0076797031126767815,9.795903697126128,0.0,0.0,-0.0069486204714439
29.200000000000003,synthetic_2,13.105051655614847,80.29088624152237,11.960048926067019,8.099563538805649,4.4107232725523335,-0.19843989729062983,-0.007990214786596159,9.814871478172082,0.0,0.0,-0.006790730912556581
29.25,synthetic_2,13.105055749297115,80.29088574922868,11.958596224576137,8.08963376564093,4.391495613821666,-0.19873551422962876,-0.008280755084772445,9.818397232082399,0.0,0.0,-0.006632576091607778
29.3,synthetic_2,13.105059836536482,80.29088527292141,11.957247010961147,8.079689987382686,4.3727214108174834,-0.19900007914888107,-0.008550597807770703,9.791052392271759,0.0,0.0,-0.006474162186498461
29.35,synthetic_2,13.10506391733377,80.29088481273581,11.956004657553427,8.069733757726041,4.354401396904711,-0.19923355071059135,-0.008799068489314789,9.79157379550143,0.0,0.0,-0.006315495385251363
29.400000000000002,synthetic_2,13.10506799169036,80.29088436880629,11.95487226958949,8.059766632311627,4.336536287706558,-0.19943589243533566,-0.00902554608210187,9.80495011554454,0.0,0.0,-0.00615658188576923
29.450000000000003,synthetic_2,13.105072059608181,80.29088394126659,11.953852677449515,8.049790168482508,4.319126781076584,-0.19960707270763933,-0.009229464510097232,9.826092423811572,0.0,0.0,-0.005997427895589602
29.5,synthetic_2,13.10507612108971,80.2908835302496,11.952948429582852,8.039805925040863,4.302173557071427,-0.19974706478093296,-0.009410314083429535,9.79875105873178,0.0,0.0,-0.005838039631646252
29.55,synthetic_2,13.105080176137951,80.2908831358875,11.95216178613825,8.029815462004414,4.28567727792424,-0.19985584678176238,-0.009567642772350116,9.81158770112708,0.0,0.0,-0.005678423320021747
29.6,synthetic_2,13.105084224756451,80.29088275831164,11.951494713314641,8.019820340362687,4.269638588018836,-0.199933401713146,-0.009701057337071854,9.790062798993022,0.0,0.0,-0.005518585195708331
29.650000000000002,synthetic_2,13.105088266949274,80.2908823976526,11.950948878446681,8.0098221218331,4.2540581138644935,-0.1999797174572393,-0.009810224310663907,9.797474041218775,0.0,0.0,-0.005358531502362568
29.700000000000003,synthetic_2,13.105092302721006,80.29088205404013,11.950525645837272,7.999822368616963,4.238936464071509,-0.1999947867773244,-0.009894870832545356,9.81136725340129,0.0,0.0,-0.005198268492060676
29.75,synthetic_2,13.105096332076748,80.29088172760319,11.950226073347528,7.989822643155367,4.224274229327403,-0.1999786073188936,-0.00995478533049455,9.804081002011362,0.0,0.0,-0.005037802425057747
29.8,synthetic_2,13.1051003550221,80.2908814184699,11.950050909752653,7.979824507885073,4.210071982373851,-0.1999311816099425,-0.009989818049469494,9.811483552603876,0.0,0.0,-0.004877139569537947
29.85,synthetic_2,13.105104371563174,80.29088112676754,11.950000592870413,7.969829524994373,4.196330277984325,-0.1998525170606147,-0.00999988142591743,9.807714142677831,0.0,0.0,-0.004716286201373321
29.900000000000002,synthetic_2,13.105108381706566,80.29088085262259,11.95007524846681,7.959839256179012,4.183049652942403,-0.19974262596206493,-0.009984950306638145,9.806318797675077,0.0,0.0,-0.004555248603879264
29.950000000000003,synthetic_2,13.105112385459362,80.29088059616062,11.95027468994173,7.949855262398167,4.17023062602081,-0.19967987561690492,-0.00994506201165386,9.80609539882223,0.0,0.0,-0.004474684533671558
